"(538, 45)",None,"['log', 'rf', 'gb', 'svm', 'knn', 'mlp', 'nb']",9,"['Maximum_duration_of_Visit', 'Number_of_Visits_per_character', 'Time_to_entry_saccade', 'Number_of_regression', 'extra_difficult_kanzi_words', 'Percentage_of_regular_difficulty_kanzi_words', 'Percentage_of_adnominal_modification_out_of_total_nouns', 'Cossim_model6', 'Norm_model6']","{'final_estimator__C': 5, 'final_estimator__max_iter': 129, 'final_estimator__penalty': 'l2', 'final_estimator__solver': 'sag', 'gb__learning_rate': 0.6340299864773533, 'gb__max_depth': 1, 'gb__min_samples_leaf': 5, 'gb__n_estimators': 35, 'gb__subsample': 0.7804439920644052, 'knn__leaf_size': 97, 'knn__n_neighbors': 9, 'log__C': 9, 'log__max_iter': 42, 'log__penalty': 'l2', 'log__solver': 'sag', 'mlp__alpha': 0.009717226044546168, 'mlp__hidden_layer_sizes': (100, 50), 'mlp__max_iter': 289, 'nb__var_smoothing': 5e-09, 'rf__criterion': 'gini', 'rf__max_depth': 28, 'rf__min_samples_leaf': 0.029366957870297077, 'rf__min_samples_split': 4, 'rf__n_estimators': 16, 'svm__C': 31.75421740000886, 'svm__gamma': 0.01}","{'log': 0.7621322256836274, 'rf': 0.771356870889581, 'gb': 0.7434752509518866, 'svm': 0.7082381446867428, 'knn': 0.7639840775354794, 'mlp': 0.71564555209415, 'nb': 0.33449290411907234}",0.7870370370370371,0.7733511446382734,0.7870370370370371,0.7367849717576492,2025-02-15_17-16-34,C:/Users/thisi/OneDrive/共有ファイル/卒研B/データ最終版/2. 最終ファイルVIF主成分分析後 (2値sddis追加).csv
"(538, 45)",None,"['log', 'rf', 'gb', 'svm', 'knn', 'mlp', 'nb']",9,"['Maximum_duration_of_Visit', 'Number_of_Visits_per_character', 'Time_to_entry_saccade', 'Number_of_regression', 'extra_difficult_kanzi_words', 'Percentage_of_regular_difficulty_kanzi_words', 'Percentage_of_adnominal_modification_out_of_total_nouns', 'Cossim_model6', 'Norm_model6']","{'final_estimator__C': 9, 'final_estimator__max_iter': 159, 'final_estimator__penalty': 'l2', 'final_estimator__solver': 'sag', 'gb__learning_rate': 0.8172111427194221, 'gb__max_depth': 8, 'gb__min_samples_leaf': 1, 'gb__n_estimators': 217, 'gb__subsample': 0.9197354613068207, 'knn__leaf_size': 47, 'knn__n_neighbors': 11, 'log__C': 3, 'log__max_iter': 68, 'log__penalty': 'l2', 'log__solver': 'lbfgs', 'mlp__alpha': 0.017771216158442606, 'mlp__hidden_layer_sizes': (50,), 'mlp__max_iter': 55, 'nb__var_smoothing': 1e-09, 'rf__criterion': 'entropy', 'rf__max_depth': 10, 'rf__min_samples_leaf': 0.7095206197905481, 'rf__min_samples_split': 3, 'rf__n_estimators': 17, 'svm__C': 28.00407183797203, 'svm__gamma': 0.1}","{'log': 0.7640186915887851, 'rf': 0.7620976116303219, 'gb': 0.7584631360332296, 'svm': 0.7546728971962616, 'knn': 0.7621149186569747, 'mlp': 0.7435444790584977, 'nb': 0.31966078227760475}",0.8240740740740741,0.8165692007797271,0.8240740740740741,0.8012136430215526,2025-02-15_17-17-51,C:/Users/thisi/OneDrive/共有ファイル/卒研B/データ最終版/2. 最終ファイルVIF主成分分析後 (2値sddis追加).csv
"(538, 45)",None,"['log', 'rf', 'gb', 'svm', 'knn', 'mlp', 'nb']",9,"['Maximum_duration_of_Visit', 'Number_of_Visits_per_character', 'Time_to_entry_saccade', 'Number_of_regression', 'extra_difficult_kanzi_words', 'Percentage_of_regular_difficulty_kanzi_words', 'Percentage_of_adnominal_modification_out_of_total_nouns', 'Cossim_model6', 'Norm_model6']","{'final_estimator__C': 4, 'final_estimator__max_iter': 193, 'final_estimator__penalty': 'l2', 'final_estimator__solver': 'liblinear', 'gb__learning_rate': 0.11010434458144468, 'gb__max_depth': 19, 'gb__min_samples_leaf': 3, 'gb__n_estimators': 225, 'gb__subsample': 0.6878148249238782, 'knn__leaf_size': 72, 'knn__n_neighbors': 3, 'log__C': 7, 'log__max_iter': 155, 'log__penalty': 'l2', 'log__solver': 'sag', 'mlp__alpha': 0.052711100125228366, 'mlp__hidden_layer_sizes': (100,), 'mlp__max_iter': 262, 'nb__var_smoothing': 1e-09, 'rf__criterion': 'gini', 'rf__max_depth': 17, 'rf__min_samples_leaf': 0.7363194984280372, 'rf__min_samples_split': 9, 'rf__n_estimators': 18, 'svm__C': 111.7228485136539, 'svm__gamma': 1}","{'log': 0.7640186915887851, 'rf': 0.7620976116303219, 'gb': 0.7639148494288681, 'svm': 0.7620976116303219, 'knn': 0.7397715472481827, 'mlp': 0.732312218760817, 'nb': 0.31966078227760475}",0.8148148148148148,0.8053626543209875,0.8148148148148148,0.7879843178483036,2025-02-15_17-22-26,C:/Users/thisi/OneDrive/共有ファイル/卒研B/データ最終版/2. 最終ファイルVIF主成分分析後 (2値sddis追加).csv
"(538, 45)",None,"['log', 'rf', 'gb', 'svm', 'knn', 'mlp', 'nb']",9,"['Maximum_duration_of_Visit', 'Number_of_Visits_per_character', 'Time_to_entry_saccade', 'Number_of_regression', 'extra_difficult_kanzi_words', 'Percentage_of_regular_difficulty_kanzi_words', 'Percentage_of_adnominal_modification_out_of_total_nouns', 'Cossim_model6', 'Norm_model6']","{'final_estimator__C': 7, 'final_estimator__max_iter': 269, 'final_estimator__penalty': 'l2', 'final_estimator__solver': 'lbfgs', 'gb__learning_rate': 0.8044233175766422, 'gb__max_depth': 13, 'gb__min_samples_leaf': 5, 'gb__n_estimators': 137, 'gb__subsample': 0.6953047101608639, 'knn__leaf_size': 61, 'knn__n_neighbors': 9, 'log__C': 4, 'log__max_iter': 237, 'log__penalty': 'l2', 'log__solver': 'sag', 'mlp__alpha': 0.09742779941289308, 'mlp__hidden_layer_sizes': (100,), 'mlp__max_iter': 269, 'nb__var_smoothing': 1e-09, 'rf__criterion': 'gini', 'rf__max_depth': 27, 'rf__min_samples_leaf': 0.9143766234627712, 'rf__min_samples_split': 2, 'rf__n_estimators': 26, 'svm__C': 99.99375941503902, 'svm__gamma': 'auto'}","{'log': 0.7640186915887851, 'rf': 0.7620976116303219, 'gb': 0.6916407061266875, 'svm': 0.7119591554170993, 'knn': 0.7639840775354794, 'mlp': 0.7323122187608169, 'nb': 0.31966078227760475}",0.8148148148148148,0.8123960695389266,0.8148148148148148,0.7818930041152263,2025-02-15_17-25-32,C:/Users/thisi/OneDrive/共有ファイル/卒研B/データ最終版/2. 最終ファイルVIF主成分分析後 (2値sddis追加).csv
"(538, 45)",None,"['log', 'rf', 'gb', 'svm', 'knn', 'mlp', 'nb']",9,"['Maximum_duration_of_Visit', 'Number_of_Visits_per_character', 'Time_to_entry_saccade', 'Number_of_regression', 'extra_difficult_kanzi_words', 'Percentage_of_regular_difficulty_kanzi_words', 'Percentage_of_adnominal_modification_out_of_total_nouns', 'Cossim_model6', 'Norm_model6']","{'final_estimator__C': 2, 'final_estimator__max_iter': 230, 'final_estimator__penalty': 'l2', 'final_estimator__solver': 'lbfgs', 'gb__learning_rate': 0.10336303363433628, 'gb__max_depth': 1, 'gb__min_samples_leaf': 1, 'gb__n_estimators': 120, 'gb__subsample': 0.6656128612012676, 'knn__leaf_size': 61, 'knn__n_neighbors': 13, 'log__C': 3, 'log__max_iter': 125, 'log__penalty': 'l2', 'log__solver': 'liblinear', 'mlp__alpha': 0.07008436141265575, 'mlp__hidden_layer_sizes': (100,), 'mlp__max_iter': 374, 'nb__var_smoothing': 5e-09, 'rf__criterion': 'log_loss', 'rf__max_depth': 63, 'rf__min_samples_leaf': 0.011642172716045276, 'rf__min_samples_split': 4, 'rf__n_estimators': 11, 'svm__C': 138.85652329864845, 'svm__gamma': 0.1}","{'log': 0.7658705434406368, 'rf': 0.7583419868466598, 'gb': 0.7806680512287989, 'svm': 0.7546728971962616, 'knn': 0.7621322256836276, 'mlp': 0.728539286950502, 'nb': 0.33449290411907234}",0.8148148148148148,0.8256481481481481,0.8148148148148148,0.7749527161291866,2025-02-15_17-28-08,C:/Users/thisi/OneDrive/共有ファイル/卒研B/データ最終版/2. 最終ファイルVIF主成分分析後 (2値sddis追加).csv
"(538, 45)",None,"['log', 'rf', 'gb', 'svm', 'knn', 'mlp', 'nb']",9,"['Maximum_duration_of_Visit', 'Number_of_Visits_per_character', 'Time_to_entry_saccade', 'Number_of_regression', 'extra_difficult_kanzi_words', 'Percentage_of_regular_difficulty_kanzi_words', 'Percentage_of_adnominal_modification_out_of_total_nouns', 'Cossim_model6', 'Norm_model6']","{'final_estimator__C': 7, 'final_estimator__max_iter': 190, 'final_estimator__penalty': 'l2', 'final_estimator__solver': 'lbfgs', 'gb__learning_rate': 0.9786660803154441, 'gb__max_depth': 5, 'gb__min_samples_leaf': 9, 'gb__n_estimators': 204, 'gb__subsample': 0.6294357072540264, 'knn__leaf_size': 44, 'knn__n_neighbors': 5, 'log__C': 5, 'log__max_iter': 211, 'log__penalty': 'l2', 'log__solver': 'lbfgs', 'mlp__alpha': 0.02570636043076847, 'mlp__hidden_layer_sizes': (100, 50), 'mlp__max_iter': 433, 'nb__var_smoothing': 1e-08, 'rf__criterion': 'entropy', 'rf__max_depth': 98, 'rf__min_samples_leaf': 0.7031236926288302, 'rf__min_samples_split': 7, 'rf__n_estimators': 11, 'svm__C': 31.596603341397635, 'svm__gamma': 1}","{'log': 0.7640186915887851, 'rf': 0.7620976116303219, 'gb': 0.6689858082381447, 'svm': 0.7620976116303219, 'knn': 0.747196261682243, 'mlp': 0.724956732433368, 'nb': 0.34006576670128075}",0.8055555555555556,0.7934499635530563,0.8055555555555556,0.774288254735182,2025-02-15_17-30-26,C:/Users/thisi/OneDrive/共有ファイル/卒研B/データ最終版/2. 最終ファイルVIF主成分分析後 (2値sddis追加).csv
"(538, 45)",None,"['log', 'rf', 'gb', 'svm', 'knn', 'mlp', 'nb']",9,"['Maximum_duration_of_Visit', 'Number_of_Visits_per_character', 'Time_to_entry_saccade', 'Number_of_regression', 'extra_difficult_kanzi_words', 'Percentage_of_regular_difficulty_kanzi_words', 'Percentage_of_adnominal_modification_out_of_total_nouns', 'Cossim_model6', 'Norm_model6']","{'final_estimator__C': 4, 'final_estimator__max_iter': 27, 'final_estimator__penalty': 'l2', 'final_estimator__solver': 'sag', 'gb__learning_rate': 0.37161664771205727, 'gb__max_depth': 19, 'gb__min_samples_leaf': 8, 'gb__n_estimators': 186, 'gb__subsample': 0.5231903680993621, 'knn__leaf_size': 19, 'knn__n_neighbors': 10, 'log__C': 3, 'log__max_iter': 196, 'log__penalty': 'l2', 'log__solver': 'sag', 'mlp__alpha': 0.033235721096240574, 'mlp__hidden_layer_sizes': (50,), 'mlp__max_iter': 21, 'nb__var_smoothing': 1e-08, 'rf__criterion': 'gini', 'rf__max_depth': 41, 'rf__min_samples_leaf': 0.9862138220787265, 'rf__min_samples_split': 2, 'rf__n_estimators': 24, 'svm__C': 36.44535911135763, 'svm__gamma': 'scale'}","{'log': 0.7658705434406368, 'rf': 0.7620976116303219, 'gb': 0.7583419868466598, 'svm': 0.7138110072689512, 'knn': 0.7621149186569747, 'mlp': 0.7379370024229838, 'nb': 0.34006576670128075}",0.8148148148148148,0.8053626543209875,0.8148148148148148,0.7879843178483036,2025-02-15_17-32-15,C:/Users/thisi/OneDrive/共有ファイル/卒研B/データ最終版/2. 最終ファイルVIF主成分分析後 (2値sddis追加).csv
"(538, 45)",None,"['log', 'rf', 'gb', 'svm', 'knn', 'mlp', 'nb']",9,"['Maximum_duration_of_Visit', 'Number_of_Visits_per_character', 'Time_to_entry_saccade', 'Number_of_regression', 'extra_difficult_kanzi_words', 'Percentage_of_regular_difficulty_kanzi_words', 'Percentage_of_adnominal_modification_out_of_total_nouns', 'Cossim_model6', 'Norm_model6']","{'final_estimator__C': 6, 'final_estimator__max_iter': 69, 'final_estimator__penalty': 'l2', 'final_estimator__solver': 'sag', 'gb__learning_rate': 0.8289355770325862, 'gb__max_depth': 1, 'gb__min_samples_leaf': 1, 'gb__n_estimators': 198, 'gb__subsample': 0.7653270194186524, 'knn__leaf_size': 49, 'knn__n_neighbors': 10, 'log__C': 2, 'log__max_iter': 172, 'log__penalty': 'l2', 'log__solver': 'sag', 'mlp__alpha': 0.07644046146371465, 'mlp__hidden_layer_sizes': (50,), 'mlp__max_iter': 70, 'nb__var_smoothing': 1e-08, 'rf__criterion': 'log_loss', 'rf__max_depth': 30, 'rf__min_samples_leaf': 0.9353799813642942, 'rf__min_samples_split': 3, 'rf__n_estimators': 17, 'svm__C': 14.969467018482147, 'svm__gamma': 0.001}","{'log': 0.7658705434406368, 'rf': 0.7620976116303219, 'gb': 0.7119591554170993, 'svm': 0.7732606438213916, 'knn': 0.7621149186569747, 'mlp': 0.7453963309103495, 'nb': 0.34006576670128075}",0.7962962962962963,0.7879629629629631,0.7962962962962963,0.7524479877421053,2025-02-15_17-33-53,C:/Users/thisi/OneDrive/共有ファイル/卒研B/データ最終版/2. 最終ファイルVIF主成分分析後 (2値sddis追加).csv
"(538, 45)",None,"['log', 'rf', 'gb', 'svm', 'knn', 'mlp', 'nb']",9,"['Maximum_duration_of_Visit', 'Number_of_Visits_per_character', 'Time_to_entry_saccade', 'Number_of_regression', 'extra_difficult_kanzi_words', 'Percentage_of_regular_difficulty_kanzi_words', 'Percentage_of_adnominal_modification_out_of_total_nouns', 'Cossim_model6', 'Norm_model6']","{'final_estimator__C': 4, 'final_estimator__max_iter': 196, 'final_estimator__penalty': 'l2', 'final_estimator__solver': 'sag', 'gb__learning_rate': 0.1383562715257607, 'gb__max_depth': 17, 'gb__min_samples_leaf': 5, 'gb__n_estimators': 180, 'gb__subsample': 0.9844984551528021, 'knn__leaf_size': 24, 'knn__n_neighbors': 13, 'log__C': 8, 'log__max_iter': 230, 'log__penalty': 'l2', 'log__solver': 'lbfgs', 'mlp__alpha': 0.0023866949969676863, 'mlp__hidden_layer_sizes': (50,), 'mlp__max_iter': 368, 'nb__var_smoothing': 1e-09, 'rf__criterion': 'log_loss', 'rf__max_depth': 34, 'rf__min_samples_leaf': 0.4541122950440465, 'rf__min_samples_split': 7, 'rf__n_estimators': 28, 'svm__C': 62.16194871994324, 'svm__gamma': 'scale'}","{'log': 0.7621495327102804, 'rf': 0.7620976116303219, 'gb': 0.7712876427829698, 'svm': 0.7138110072689512, 'knn': 0.7621322256836276, 'mlp': 0.7379889235029422, 'nb': 0.31966078227760475}",0.8333333333333334,0.8333333333333335,0.8333333333333334,0.8091858860634734,2025-02-15_17-37-16,C:/Users/thisi/OneDrive/共有ファイル/卒研B/データ最終版/2. 最終ファイルVIF主成分分析後 (2値sddis追加).csv
"(538, 45)",None,"['log', 'rf', 'gb', 'svm', 'knn', 'mlp', 'nb']",9,"['Maximum_duration_of_Visit', 'Number_of_Visits_per_character', 'Time_to_entry_saccade', 'Number_of_regression', 'extra_difficult_kanzi_words', 'Percentage_of_regular_difficulty_kanzi_words', 'Percentage_of_adnominal_modification_out_of_total_nouns', 'Cossim_model6', 'Norm_model6']","{'final_estimator__C': 1, 'final_estimator__max_iter': 271, 'final_estimator__penalty': 'l2', 'final_estimator__solver': 'lbfgs', 'gb__learning_rate': 0.5993477116806074, 'gb__max_depth': 10, 'gb__min_samples_leaf': 9, 'gb__n_estimators': 154, 'gb__subsample': 0.7959037622208374, 'knn__leaf_size': 68, 'knn__n_neighbors': 3, 'log__C': 8, 'log__max_iter': 69, 'log__penalty': 'l2', 'log__solver': 'sag', 'mlp__alpha': 0.07458640769500678, 'mlp__hidden_layer_sizes': (100, 50), 'mlp__max_iter': 345, 'nb__var_smoothing': 5e-09, 'rf__criterion': 'entropy', 'rf__max_depth': 49, 'rf__min_samples_leaf': 0.03343208967343946, 'rf__min_samples_split': 9, 'rf__n_estimators': 13, 'svm__C': 117.41722273674567, 'svm__gamma': 'auto'}","{'log': 0.7640013845621321, 'rf': 0.7769470404984423, 'gb': 0.771374177916234, 'svm': 0.7119591554170993, 'knn': 0.7397715472481827, 'mlp': 0.7175320179993078, 'nb': 0.33449290411907234}",0.8055555555555556,0.7934499635530563,0.8055555555555556,0.774288254735182,2025-02-15_17-40-39,C:/Users/thisi/OneDrive/共有ファイル/卒研B/データ最終版/2. 最終ファイルVIF主成分分析後 (2値sddis追加).csv
"(538, 45)",None,"['log', 'rf', 'gb', 'svm', 'knn', 'mlp', 'nb']",9,"['Maximum_duration_of_Visit', 'Number_of_Visits_per_character', 'Time_to_entry_saccade', 'Number_of_regression', 'extra_difficult_kanzi_words', 'Percentage_of_regular_difficulty_kanzi_words', 'Percentage_of_adnominal_modification_out_of_total_nouns', 'Cossim_model6', 'Norm_model6']","{'final_estimator__C': 6, 'final_estimator__max_iter': 196, 'final_estimator__penalty': 'l2', 'final_estimator__solver': 'sag', 'gb__learning_rate': 0.06508483210578596, 'gb__max_depth': 4, 'gb__min_samples_leaf': 2, 'gb__n_estimators': 46, 'gb__subsample': 0.5133076835730321, 'knn__leaf_size': 33, 'knn__n_neighbors': 13, 'log__C': 9, 'log__max_iter': 174, 'log__penalty': 'l2', 'log__solver': 'liblinear', 'mlp__alpha': 0.047925664023283694, 'mlp__hidden_layer_sizes': (100,), 'mlp__max_iter': 13, 'nb__var_smoothing': 1e-08, 'rf__criterion': 'gini', 'rf__max_depth': 81, 'rf__min_samples_leaf': 0.6577718898098525, 'rf__min_samples_split': 2, 'rf__n_estimators': 13, 'svm__C': 54.096981759514364, 'svm__gamma': 'auto'}","{'log': 0.7621495327102804, 'rf': 0.7620976116303219, 'gb': 0.7825199030806507, 'svm': 0.7119591554170993, 'knn': 0.7621322256836276, 'mlp': 0.7528210453444097, 'nb': 0.34006576670128075}",0.8518518518518519,0.861304012345679,0.8518518518518519,0.830387454278643,2025-02-15_17-43-22,C:/Users/thisi/OneDrive/共有ファイル/卒研B/データ最終版/2. 最終ファイルVIF主成分分析後 (2値sddis追加).csv
"(538, 45)",None,"['log', 'rf', 'gb', 'svm', 'knn', 'mlp', 'nb']",9,"['Maximum_duration_of_Visit', 'Number_of_Visits_per_character', 'Time_to_entry_saccade', 'Number_of_regression', 'extra_difficult_kanzi_words', 'Percentage_of_regular_difficulty_kanzi_words', 'Percentage_of_adnominal_modification_out_of_total_nouns', 'Cossim_model6', 'Norm_model6']","{'final_estimator__C': 5, 'final_estimator__max_iter': 211, 'final_estimator__penalty': 'l2', 'final_estimator__solver': 'liblinear', 'gb__learning_rate': 0.010422237415490967, 'gb__max_depth': 19, 'gb__min_samples_leaf': 8, 'gb__n_estimators': 127, 'gb__subsample': 0.6625718874918513, 'knn__leaf_size': 93, 'knn__n_neighbors': 9, 'log__C': 8, 'log__max_iter': 165, 'log__penalty': 'l2', 'log__solver': 'liblinear', 'mlp__alpha': 0.061939271273934, 'mlp__hidden_layer_sizes': (100,), 'mlp__max_iter': 106, 'nb__var_smoothing': 1e-09, 'rf__criterion': 'log_loss', 'rf__max_depth': 54, 'rf__min_samples_leaf': 0.18041169814677593, 'rf__min_samples_split': 5, 'rf__n_estimators': 18, 'svm__C': 17.440860017173705, 'svm__gamma': 'scale'}","{'log': 0.7621495327102804, 'rf': 0.7620976116303219, 'gb': 0.7750605745932848, 'svm': 0.7137937002422984, 'knn': 0.7639840775354794, 'mlp': 0.7472481827622014, 'nb': 0.31966078227760475}",0.8333333333333334,0.84421768707483,0.8333333333333334,0.8037037037037037,2025-02-15_17-45-47,C:/Users/thisi/OneDrive/共有ファイル/卒研B/データ最終版/2. 最終ファイルVIF主成分分析後 (2値sddis追加).csv
"(538, 45)",None,"['log', 'rf', 'gb', 'svm', 'knn', 'mlp', 'nb']",9,"['Maximum_duration_of_Visit', 'Number_of_Visits_per_character', 'Time_to_entry_saccade', 'Number_of_regression', 'extra_difficult_kanzi_words', 'Percentage_of_regular_difficulty_kanzi_words', 'Percentage_of_adnominal_modification_out_of_total_nouns', 'Cossim_model6', 'Norm_model6']","{'final_estimator__C': 9, 'final_estimator__max_iter': 51, 'final_estimator__penalty': 'l2', 'final_estimator__solver': 'sag', 'gb__learning_rate': 0.09825354002927399, 'gb__max_depth': 8, 'gb__min_samples_leaf': 8, 'gb__n_estimators': 99, 'gb__subsample': 0.5819000600183452, 'knn__leaf_size': 55, 'knn__n_neighbors': 3, 'log__C': 3, 'log__max_iter': 28, 'log__penalty': 'l2', 'log__solver': 'liblinear', 'mlp__alpha': 0.08314545527526851, 'mlp__hidden_layer_sizes': (100, 50), 'mlp__max_iter': 395, 'nb__var_smoothing': 1e-08, 'rf__criterion': 'log_loss', 'rf__max_depth': 38, 'rf__min_samples_leaf': 0.23421247062478112, 'rf__min_samples_split': 9, 'rf__n_estimators': 23, 'svm__C': 65.3232973651567, 'svm__gamma': 5}","{'log': 0.7658705434406368, 'rf': 0.7620976116303219, 'gb': 0.7768951194184839, 'svm': 0.7620976116303219, 'knn': 0.7397715472481827, 'mlp': 0.7231048805815161, 'nb': 0.34006576670128075}",0.8333333333333334,0.8333333333333335,0.8333333333333334,0.8091858860634734,2025-02-15_17-48-43,C:/Users/thisi/OneDrive/共有ファイル/卒研B/データ最終版/2. 最終ファイルVIF主成分分析後 (2値sddis追加).csv
"(538, 45)",None,"['log', 'rf', 'gb', 'svm', 'knn', 'mlp', 'nb']",9,"['Maximum_duration_of_Visit', 'Number_of_Visits_per_character', 'Time_to_entry_saccade', 'Number_of_regression', 'extra_difficult_kanzi_words', 'Percentage_of_regular_difficulty_kanzi_words', 'Percentage_of_adnominal_modification_out_of_total_nouns', 'Cossim_model6', 'Norm_model6']","{'final_estimator__C': 1, 'final_estimator__max_iter': 202, 'final_estimator__penalty': 'l2', 'final_estimator__solver': 'lbfgs', 'gb__learning_rate': 0.6589916686370597, 'gb__max_depth': 9, 'gb__min_samples_leaf': 1, 'gb__n_estimators': 214, 'gb__subsample': 0.5914792454845019, 'knn__leaf_size': 82, 'knn__n_neighbors': 7, 'log__C': 2, 'log__max_iter': 280, 'log__penalty': 'l2', 'log__solver': 'sag', 'mlp__alpha': 0.012483110467427982, 'mlp__hidden_layer_sizes': (100,), 'mlp__max_iter': 17, 'nb__var_smoothing': 5e-09, 'rf__criterion': 'entropy', 'rf__max_depth': 77, 'rf__min_samples_leaf': 0.3209784917360907, 'rf__min_samples_split': 5, 'rf__n_estimators': 21, 'svm__C': 64.7182327686083, 'svm__gamma': 0.1}","{'log': 0.7658705434406368, 'rf': 0.7620976116303219, 'gb': 0.7379370024229838, 'svm': 0.7546728971962616, 'knn': 0.7658359293873312, 'mlp': 0.7583939079266182, 'nb': 0.33449290411907234}",0.8055555555555556,0.8007856341189673,0.8055555555555556,0.7674647022713321,2025-02-15_17-50-31,C:/Users/thisi/OneDrive/共有ファイル/卒研B/データ最終版/2. 最終ファイルVIF主成分分析後 (2値sddis追加).csv
"(538, 45)",None,"['log', 'rf', 'gb', 'svm', 'knn', 'mlp', 'nb']",9,"['Maximum_duration_of_Visit', 'Number_of_Visits_per_character', 'Time_to_entry_saccade', 'Number_of_regression', 'extra_difficult_kanzi_words', 'Percentage_of_regular_difficulty_kanzi_words', 'Percentage_of_adnominal_modification_out_of_total_nouns', 'Cossim_model6', 'Norm_model6']","{'final_estimator__C': 5, 'final_estimator__max_iter': 244, 'final_estimator__penalty': 'l2', 'final_estimator__solver': 'sag', 'gb__learning_rate': 0.1874315415164528, 'gb__max_depth': 12, 'gb__min_samples_leaf': 3, 'gb__n_estimators': 150, 'gb__subsample': 0.865019787399456, 'knn__leaf_size': 18, 'knn__n_neighbors': 8, 'log__C': 6, 'log__max_iter': 181, 'log__penalty': 'l2', 'log__solver': 'sag', 'mlp__alpha': 0.07464382276225133, 'mlp__hidden_layer_sizes': (50,), 'mlp__max_iter': 15, 'nb__var_smoothing': 1e-08, 'rf__criterion': 'entropy', 'rf__max_depth': 23, 'rf__min_samples_leaf': 0.6250515158921564, 'rf__min_samples_split': 4, 'rf__n_estimators': 23, 'svm__C': 108.99775770055471, 'svm__gamma': 0.1}","{'log': 0.7640186915887851, 'rf': 0.7620976116303219, 'gb': 0.76024575977847, 'svm': 0.7546728971962616, 'knn': 0.7658532364139841, 'mlp': 0.7342679127725856, 'nb': 0.34006576670128075}",0.8240740740740741,0.8231629004824881,0.8240740740740741,0.7957846114270695,2025-02-15_17-53-18,C:/Users/thisi/OneDrive/共有ファイル/卒研B/データ最終版/2. 最終ファイルVIF主成分分析後 (2値sddis追加).csv
"(538, 45)",None,"['log', 'rf', 'gb', 'svm', 'knn', 'mlp', 'nb']",9,"['Maximum_duration_of_Visit', 'Number_of_Visits_per_character', 'Time_to_entry_saccade', 'Number_of_regression', 'extra_difficult_kanzi_words', 'Percentage_of_regular_difficulty_kanzi_words', 'Percentage_of_adnominal_modification_out_of_total_nouns', 'Cossim_model6', 'Norm_model6']","{'final_estimator__C': 9, 'final_estimator__max_iter': 80, 'final_estimator__penalty': 'l2', 'final_estimator__solver': 'lbfgs', 'gb__learning_rate': 0.6449732549474707, 'gb__max_depth': 10, 'gb__min_samples_leaf': 6, 'gb__n_estimators': 108, 'gb__subsample': 0.5334315143258611, 'knn__leaf_size': 85, 'knn__n_neighbors': 7, 'log__C': 4, 'log__max_iter': 131, 'log__penalty': 'l2', 'log__solver': 'sag', 'mlp__alpha': 0.05512601278361841, 'mlp__hidden_layer_sizes': (50,), 'mlp__max_iter': 443, 'nb__var_smoothing': 5e-09, 'rf__criterion': 'log_loss', 'rf__max_depth': 6, 'rf__min_samples_leaf': 0.7833226619848896, 'rf__min_samples_split': 3, 'rf__n_estimators': 21, 'svm__C': 127.57153506332132, 'svm__gamma': 'scale'}","{'log': 0.7658705434406368, 'rf': 0.7620976116303219, 'gb': 0.7268258913118725, 'svm': 0.7138110072689512, 'knn': 0.7658359293873312, 'mlp': 0.7304949809622706, 'nb': 0.33449290411907234}",0.8240740740740741,0.8231629004824881,0.8240740740740741,0.7957846114270695,2025-02-15_17-55-44,C:/Users/thisi/OneDrive/共有ファイル/卒研B/データ最終版/2. 最終ファイルVIF主成分分析後 (2値sddis追加).csv
"(538, 45)",None,"['log', 'rf', 'gb', 'svm', 'knn', 'mlp', 'nb']",9,"['Maximum_duration_of_Visit', 'Number_of_Visits_per_character', 'Time_to_entry_saccade', 'Number_of_regression', 'extra_difficult_kanzi_words', 'Percentage_of_regular_difficulty_kanzi_words', 'Percentage_of_adnominal_modification_out_of_total_nouns', 'Cossim_model6', 'Norm_model6']","{'final_estimator__C': 9, 'final_estimator__max_iter': 204, 'final_estimator__penalty': 'l2', 'final_estimator__solver': 'liblinear', 'gb__learning_rate': 0.498694009876973, 'gb__max_depth': 3, 'gb__min_samples_leaf': 3, 'gb__n_estimators': 76, 'gb__subsample': 0.7201920690437374, 'knn__leaf_size': 30, 'knn__n_neighbors': 11, 'log__C': 6, 'log__max_iter': 214, 'log__penalty': 'l2', 'log__solver': 'sag', 'mlp__alpha': 0.01593760130470605, 'mlp__hidden_layer_sizes': (100,), 'mlp__max_iter': 476, 'nb__var_smoothing': 5e-09, 'rf__criterion': 'gini', 'rf__max_depth': 11, 'rf__min_samples_leaf': 0.9703457940240444, 'rf__min_samples_split': 9, 'rf__n_estimators': 11, 'svm__C': 85.48375688422703, 'svm__gamma': 5}","{'log': 0.7640186915887851, 'rf': 0.7620976116303219, 'gb': 0.7471616476289373, 'svm': 0.7620976116303219, 'knn': 0.7621149186569747, 'mlp': 0.7285912080304604, 'nb': 0.33449290411907234}",0.8240740740740741,0.8231629004824881,0.8240740740740741,0.7957846114270695,2025-02-15_17-57-57,C:/Users/thisi/OneDrive/共有ファイル/卒研B/データ最終版/2. 最終ファイルVIF主成分分析後 (2値sddis追加).csv
"(538, 45)",None,"['log', 'rf', 'gb', 'svm', 'knn', 'mlp', 'nb']",9,"['Maximum_duration_of_Visit', 'Number_of_Visits_per_character', 'Time_to_entry_saccade', 'Number_of_regression', 'extra_difficult_kanzi_words', 'Percentage_of_regular_difficulty_kanzi_words', 'Percentage_of_adnominal_modification_out_of_total_nouns', 'Cossim_model6', 'Norm_model6']","{'final_estimator__C': 9, 'final_estimator__max_iter': 166, 'final_estimator__penalty': 'l2', 'final_estimator__solver': 'lbfgs', 'gb__learning_rate': 0.5650533734236332, 'gb__max_depth': 14, 'gb__min_samples_leaf': 4, 'gb__n_estimators': 166, 'gb__subsample': 0.9245563482984929, 'knn__leaf_size': 31, 'knn__n_neighbors': 13, 'log__C': 8, 'log__max_iter': 298, 'log__penalty': 'l2', 'log__solver': 'sag', 'mlp__alpha': 0.029493597470178847, 'mlp__hidden_layer_sizes': (50,), 'mlp__max_iter': 371, 'nb__var_smoothing': 1e-08, 'rf__criterion': 'log_loss', 'rf__max_depth': 12, 'rf__min_samples_leaf': 0.9549882256975051, 'rf__min_samples_split': 5, 'rf__n_estimators': 28, 'svm__C': 112.2342298115036, 'svm__gamma': 1}","{'log': 0.7621495327102804, 'rf': 0.7620976116303219, 'gb': 0.7658532364139841, 'svm': 0.7620976116303219, 'knn': 0.7621322256836276, 'mlp': 0.739840775354794, 'nb': 0.34006576670128075}",0.8148148148148148,0.8053626543209875,0.8148148148148148,0.7879843178483036,2025-02-15_18-00-31,C:/Users/thisi/OneDrive/共有ファイル/卒研B/データ最終版/2. 最終ファイルVIF主成分分析後 (2値sddis追加).csv
"(538, 45)",None,"['log', 'rf', 'gb', 'svm', 'knn', 'mlp', 'nb']",9,"['Maximum_duration_of_Visit', 'Number_of_Visits_per_character', 'Time_to_entry_saccade', 'Number_of_regression', 'extra_difficult_kanzi_words', 'Percentage_of_regular_difficulty_kanzi_words', 'Percentage_of_adnominal_modification_out_of_total_nouns', 'Cossim_model6', 'Norm_model6']","{'final_estimator__C': 8, 'final_estimator__max_iter': 51, 'final_estimator__penalty': 'l2', 'final_estimator__solver': 'lbfgs', 'gb__learning_rate': 0.5790121466328644, 'gb__max_depth': 10, 'gb__min_samples_leaf': 5, 'gb__n_estimators': 185, 'gb__subsample': 0.9393626567700353, 'knn__leaf_size': 20, 'knn__n_neighbors': 4, 'log__C': 2, 'log__max_iter': 182, 'log__penalty': 'l2', 'log__solver': 'sag', 'mlp__alpha': 0.01846164144725356, 'mlp__hidden_layer_sizes': (50,), 'mlp__max_iter': 348, 'nb__var_smoothing': 1e-09, 'rf__criterion': 'gini', 'rf__max_depth': 41, 'rf__min_samples_leaf': 0.31148308031320016, 'rf__min_samples_split': 7, 'rf__n_estimators': 10, 'svm__C': 17.392235167313988, 'svm__gamma': 0.01}","{'log': 0.7658705434406368, 'rf': 0.7620976116303219, 'gb': 0.758411214953271, 'svm': 0.7378850813430253, 'knn': 0.7547075112495673, 'mlp': 0.7380062305295951, 'nb': 0.31966078227760475}",0.8148148148148148,0.8256481481481481,0.8148148148148148,0.7749527161291866,2025-02-15_18-03-25,C:/Users/thisi/OneDrive/共有ファイル/卒研B/データ最終版/2. 最終ファイルVIF主成分分析後 (2値sddis追加).csv
"(538, 45)",None,"['log', 'rf', 'gb', 'svm', 'knn', 'mlp', 'nb']",9,"['Maximum_duration_of_Visit', 'Number_of_Visits_per_character', 'Time_to_entry_saccade', 'Number_of_regression', 'extra_difficult_kanzi_words', 'Percentage_of_regular_difficulty_kanzi_words', 'Percentage_of_adnominal_modification_out_of_total_nouns', 'Cossim_model6', 'Norm_model6']","{'final_estimator__C': 4, 'final_estimator__max_iter': 90, 'final_estimator__penalty': 'l2', 'final_estimator__solver': 'sag', 'gb__learning_rate': 0.05904214530124929, 'gb__max_depth': 15, 'gb__min_samples_leaf': 5, 'gb__n_estimators': 37, 'gb__subsample': 0.7579745858651852, 'knn__leaf_size': 16, 'knn__n_neighbors': 12, 'log__C': 3, 'log__max_iter': 98, 'log__penalty': 'l2', 'log__solver': 'liblinear', 'mlp__alpha': 0.02691341704457381, 'mlp__hidden_layer_sizes': (50,), 'mlp__max_iter': 124, 'nb__var_smoothing': 5e-09, 'rf__criterion': 'gini', 'rf__max_depth': 83, 'rf__min_samples_leaf': 0.7886879043633301, 'rf__min_samples_split': 5, 'rf__n_estimators': 14, 'svm__C': 145.19152400607896, 'svm__gamma': 'scale'}","{'log': 0.7658705434406368, 'rf': 0.7620976116303219, 'gb': 0.7675493250259605, 'svm': 0.7138110072689512, 'knn': 0.7639667705088266, 'mlp': 0.7416580131533401, 'nb': 0.33449290411907234}",0.8333333333333334,0.8333333333333335,0.8333333333333334,0.8091858860634734,2025-02-15_18-04-50,C:/Users/thisi/OneDrive/共有ファイル/卒研B/データ最終版/2. 最終ファイルVIF主成分分析後 (2値sddis追加).csv
"(538, 45)",None,"['log', 'rf', 'gb', 'svm', 'knn', 'mlp', 'nb']",9,"['Maximum_duration_of_Visit', 'Number_of_Visits_per_character', 'Time_to_entry_saccade', 'Number_of_regression', 'extra_difficult_kanzi_words', 'Percentage_of_regular_difficulty_kanzi_words', 'Percentage_of_adnominal_modification_out_of_total_nouns', 'Cossim_model6', 'Norm_model6']","{'final_estimator__C': 9, 'final_estimator__max_iter': 256, 'final_estimator__penalty': 'l2', 'final_estimator__solver': 'liblinear', 'gb__learning_rate': 0.8857625912924838, 'gb__max_depth': 6, 'gb__min_samples_leaf': 1, 'gb__n_estimators': 258, 'gb__subsample': 0.7325931676974038, 'knn__leaf_size': 22, 'knn__n_neighbors': 2, 'log__C': 3, 'log__max_iter': 291, 'log__penalty': 'l2', 'log__solver': 'liblinear', 'mlp__alpha': 0.028494304503063384, 'mlp__hidden_layer_sizes': (100,), 'mlp__max_iter': 147, 'nb__var_smoothing': 1e-09, 'rf__criterion': 'entropy', 'rf__max_depth': 1, 'rf__min_samples_leaf': 0.41149143500179697, 'rf__min_samples_split': 7, 'rf__n_estimators': 13, 'svm__C': 113.63682824875345, 'svm__gamma': 0.001}","{'log': 0.7658705434406368, 'rf': 0.7620976116303219, 'gb': 0.7397888542748355, 'svm': 0.7565593631014191, 'knn': 0.758324679820007, 'mlp': 0.750951886465905, 'nb': 0.31966078227760475}",0.8055555555555556,0.7934499635530563,0.8055555555555556,0.774288254735182,2025-02-15_18-06-48,C:/Users/thisi/OneDrive/共有ファイル/卒研B/データ最終版/2. 最終ファイルVIF主成分分析後 (2値sddis追加).csv
"(538, 45)",None,"['log', 'rf', 'gb', 'svm', 'knn', 'mlp', 'nb']",9,"['Maximum_duration_of_Visit', 'Number_of_Visits_per_character', 'Time_to_entry_saccade', 'Number_of_regression', 'extra_difficult_kanzi_words', 'Percentage_of_regular_difficulty_kanzi_words', 'Percentage_of_adnominal_modification_out_of_total_nouns', 'Cossim_model6', 'Norm_model6']","{'final_estimator__C': 5, 'final_estimator__max_iter': 272, 'final_estimator__penalty': 'l2', 'final_estimator__solver': 'lbfgs', 'gb__learning_rate': 0.10588460991804115, 'gb__max_depth': 4, 'gb__min_samples_leaf': 7, 'gb__n_estimators': 166, 'gb__subsample': 0.9603881621748743, 'knn__leaf_size': 99, 'knn__n_neighbors': 7, 'log__C': 1, 'log__max_iter': 108, 'log__penalty': 'l2', 'log__solver': 'liblinear', 'mlp__alpha': 0.024823899946825757, 'mlp__hidden_layer_sizes': (100,), 'mlp__max_iter': 418, 'nb__var_smoothing': 1e-08, 'rf__criterion': 'log_loss', 'rf__max_depth': 98, 'rf__min_samples_leaf': 0.7189554138061319, 'rf__min_samples_split': 6, 'rf__n_estimators': 16, 'svm__C': 126.50252288650587, 'svm__gamma': 0.01}","{'log': 0.7658705434406368, 'rf': 0.7620976116303219, 'gb': 0.7639840775354794, 'svm': 0.7101073035652475, 'knn': 0.7658359293873312, 'mlp': 0.7341467635860159, 'nb': 0.34006576670128075}",0.8055555555555556,0.8152600974383154,0.8055555555555556,0.7596732350830712,2025-02-15_18-08-49,C:/Users/thisi/OneDrive/共有ファイル/卒研B/データ最終版/2. 最終ファイルVIF主成分分析後 (2値sddis追加).csv
"(538, 45)",None,"['log', 'rf', 'gb', 'svm', 'knn', 'mlp', 'nb']",9,"['Maximum_duration_of_Visit', 'Number_of_Visits_per_character', 'Time_to_entry_saccade', 'Number_of_regression', 'extra_difficult_kanzi_words', 'Percentage_of_regular_difficulty_kanzi_words', 'Percentage_of_adnominal_modification_out_of_total_nouns', 'Cossim_model6', 'Norm_model6']","{'final_estimator__C': 7, 'final_estimator__max_iter': 279, 'final_estimator__penalty': 'l2', 'final_estimator__solver': 'sag', 'gb__learning_rate': 0.8558421910471733, 'gb__max_depth': 10, 'gb__min_samples_leaf': 6, 'gb__n_estimators': 255, 'gb__subsample': 0.7698499760880265, 'knn__leaf_size': 21, 'knn__n_neighbors': 6, 'log__C': 1, 'log__max_iter': 240, 'log__penalty': 'l2', 'log__solver': 'sag', 'mlp__alpha': 0.05193144450584167, 'mlp__hidden_layer_sizes': (100, 50), 'mlp__max_iter': 252, 'nb__var_smoothing': 1e-09, 'rf__criterion': 'gini', 'rf__max_depth': 34, 'rf__min_samples_leaf': 0.4165328186900644, 'rf__min_samples_split': 2, 'rf__n_estimators': 16, 'svm__C': 124.09360624726277, 'svm__gamma': 0.01}","{'log': 0.7640186915887851, 'rf': 0.7620976116303219, 'gb': 0.7658013153340255, 'svm': 0.7101073035652475, 'knn': 0.7565420560747663, 'mlp': 0.7249740394600208, 'nb': 0.31966078227760475}",0.8055555555555556,0.7934499635530563,0.8055555555555556,0.774288254735182,2025-02-15_18-10-30,C:/Users/thisi/OneDrive/共有ファイル/卒研B/データ最終版/2. 最終ファイルVIF主成分分析後 (2値sddis追加).csv
"(538, 45)",None,"['log', 'rf', 'gb', 'svm', 'knn', 'mlp', 'nb']",9,"['Maximum_duration_of_Visit', 'Number_of_Visits_per_character', 'Time_to_entry_saccade', 'Number_of_regression', 'extra_difficult_kanzi_words', 'Percentage_of_regular_difficulty_kanzi_words', 'Percentage_of_adnominal_modification_out_of_total_nouns', 'Cossim_model6', 'Norm_model6']","{'final_estimator__C': 3, 'final_estimator__max_iter': 212, 'final_estimator__penalty': 'l2', 'final_estimator__solver': 'sag', 'gb__learning_rate': 0.3274882249539144, 'gb__max_depth': 5, 'gb__min_samples_leaf': 5, 'gb__n_estimators': 237, 'gb__subsample': 0.9740511947598083, 'knn__leaf_size': 25, 'knn__n_neighbors': 9, 'log__C': 3, 'log__max_iter': 183, 'log__penalty': 'l2', 'log__solver': 'sag', 'mlp__alpha': 0.09022450466611642, 'mlp__hidden_layer_sizes': (100,), 'mlp__max_iter': 264, 'nb__var_smoothing': 1e-09, 'rf__criterion': 'entropy', 'rf__max_depth': 2, 'rf__min_samples_leaf': 0.545037529040574, 'rf__min_samples_split': 7, 'rf__n_estimators': 11, 'svm__C': 68.25609805954197, 'svm__gamma': 0.001}","{'log': 0.7658705434406368, 'rf': 0.7620976116303219, 'gb': 0.7509345794392523, 'svm': 0.7658359293873312, 'knn': 0.7639840775354794, 'mlp': 0.7323295257874698, 'nb': 0.31966078227760475}",0.8240740740740741,0.8231629004824881,0.8240740740740741,0.7957846114270695,2025-02-15_18-12-36,C:/Users/thisi/OneDrive/共有ファイル/卒研B/データ最終版/2. 最終ファイルVIF主成分分析後 (2値sddis追加).csv
"(538, 45)",None,"['log', 'rf', 'gb', 'svm', 'knn', 'mlp', 'nb']",9,"['Maximum_duration_of_Visit', 'Number_of_Visits_per_character', 'Time_to_entry_saccade', 'Number_of_regression', 'extra_difficult_kanzi_words', 'Percentage_of_regular_difficulty_kanzi_words', 'Percentage_of_adnominal_modification_out_of_total_nouns', 'Cossim_model6', 'Norm_model6']","{'final_estimator__C': 4, 'final_estimator__max_iter': 297, 'final_estimator__penalty': 'l2', 'final_estimator__solver': 'liblinear', 'gb__learning_rate': 0.572586703539477, 'gb__max_depth': 3, 'gb__min_samples_leaf': 9, 'gb__n_estimators': 126, 'gb__subsample': 0.8981472048978115, 'knn__leaf_size': 88, 'knn__n_neighbors': 7, 'log__C': 6, 'log__max_iter': 64, 'log__penalty': 'l2', 'log__solver': 'liblinear', 'mlp__alpha': 0.09295437769154341, 'mlp__hidden_layer_sizes': (100,), 'mlp__max_iter': 491, 'nb__var_smoothing': 1e-08, 'rf__criterion': 'log_loss', 'rf__max_depth': 83, 'rf__min_samples_leaf': 0.9059137422453565, 'rf__min_samples_split': 3, 'rf__n_estimators': 15, 'svm__C': 84.612874567896, 'svm__gamma': 1}","{'log': 0.7621495327102804, 'rf': 0.7620976116303219, 'gb': 0.7360505365178261, 'svm': 0.7620976116303219, 'knn': 0.7658359293873312, 'mlp': 0.7248875043267566, 'nb': 0.34006576670128075}",0.8055555555555556,0.8152600974383154,0.8055555555555556,0.7596732350830712,2025-02-15_18-14-53,C:/Users/thisi/OneDrive/共有ファイル/卒研B/データ最終版/2. 最終ファイルVIF主成分分析後 (2値sddis追加).csv
"(538, 45)",None,"['log', 'rf', 'gb', 'svm', 'knn', 'mlp', 'nb']",9,"['Maximum_duration_of_Visit', 'Number_of_Visits_per_character', 'Time_to_entry_saccade', 'Number_of_regression', 'extra_difficult_kanzi_words', 'Percentage_of_regular_difficulty_kanzi_words', 'Percentage_of_adnominal_modification_out_of_total_nouns', 'Cossim_model6', 'Norm_model6']","{'final_estimator__C': 4, 'final_estimator__max_iter': 43, 'final_estimator__penalty': 'l2', 'final_estimator__solver': 'sag', 'gb__learning_rate': 0.2843941065684048, 'gb__max_depth': 11, 'gb__min_samples_leaf': 6, 'gb__n_estimators': 184, 'gb__subsample': 0.5895691817284348, 'knn__leaf_size': 64, 'knn__n_neighbors': 11, 'log__C': 6, 'log__max_iter': 192, 'log__penalty': 'l2', 'log__solver': 'lbfgs', 'mlp__alpha': 0.018991775292467563, 'mlp__hidden_layer_sizes': (100,), 'mlp__max_iter': 49, 'nb__var_smoothing': 1e-09, 'rf__criterion': 'entropy', 'rf__max_depth': 30, 'rf__min_samples_leaf': 0.7656886545785088, 'rf__min_samples_split': 3, 'rf__n_estimators': 29, 'svm__C': 112.14905688606065, 'svm__gamma': 'scale'}","{'log': 0.7621495327102804, 'rf': 0.7620976116303219, 'gb': 0.7657840083073727, 'svm': 0.7138110072689512, 'knn': 0.7621149186569747, 'mlp': 0.7453963309103495, 'nb': 0.31966078227760475}",0.8148148148148148,0.8053626543209875,0.8148148148148148,0.7879843178483036,2025-02-15_18-16-45,C:/Users/thisi/OneDrive/共有ファイル/卒研B/データ最終版/2. 最終ファイルVIF主成分分析後 (2値sddis追加).csv
"(538, 45)",None,"['log', 'rf', 'gb', 'svm', 'knn', 'mlp', 'nb']",9,"['Maximum_duration_of_Visit', 'Number_of_Visits_per_character', 'Time_to_entry_saccade', 'Number_of_regression', 'extra_difficult_kanzi_words', 'Percentage_of_regular_difficulty_kanzi_words', 'Percentage_of_adnominal_modification_out_of_total_nouns', 'Cossim_model6', 'Norm_model6']","{'final_estimator__C': 4, 'final_estimator__max_iter': 204, 'final_estimator__penalty': 'l2', 'final_estimator__solver': 'lbfgs', 'gb__learning_rate': 0.9249204547360337, 'gb__max_depth': 17, 'gb__min_samples_leaf': 6, 'gb__n_estimators': 34, 'gb__subsample': 0.8833807728726202, 'knn__leaf_size': 12, 'knn__n_neighbors': 12, 'log__C': 2, 'log__max_iter': 194, 'log__penalty': 'l2', 'log__solver': 'liblinear', 'mlp__alpha': 0.0664143319129743, 'mlp__hidden_layer_sizes': (100, 50), 'mlp__max_iter': 448, 'nb__var_smoothing': 1e-08, 'rf__criterion': 'gini', 'rf__max_depth': 86, 'rf__min_samples_leaf': 0.335566716994249, 'rf__min_samples_split': 4, 'rf__n_estimators': 22, 'svm__C': 25.481822734858124, 'svm__gamma': 5}","{'log': 0.7658705434406368, 'rf': 0.7620976116303219, 'gb': 0.7621668397369332, 'svm': 0.7620976116303219, 'knn': 0.7639667705088266, 'mlp': 0.7231048805815161, 'nb': 0.34006576670128075}",0.8148148148148148,0.8123960695389266,0.8148148148148148,0.7818930041152263,2025-02-15_18-20-00,C:/Users/thisi/OneDrive/共有ファイル/卒研B/データ最終版/2. 最終ファイルVIF主成分分析後 (2値sddis追加).csv
"(538, 45)",None,"['log', 'rf', 'gb', 'svm', 'knn', 'mlp', 'nb']",9,"['Maximum_duration_of_Visit', 'Number_of_Visits_per_character', 'Time_to_entry_saccade', 'Number_of_regression', 'extra_difficult_kanzi_words', 'Percentage_of_regular_difficulty_kanzi_words', 'Percentage_of_adnominal_modification_out_of_total_nouns', 'Cossim_model6', 'Norm_model6']","{'final_estimator__C': 2, 'final_estimator__max_iter': 25, 'final_estimator__penalty': 'l2', 'final_estimator__solver': 'liblinear', 'gb__learning_rate': 0.13496709200924095, 'gb__max_depth': 4, 'gb__min_samples_leaf': 8, 'gb__n_estimators': 150, 'gb__subsample': 0.8137813099547697, 'knn__leaf_size': 33, 'knn__n_neighbors': 14, 'log__C': 6, 'log__max_iter': 284, 'log__penalty': 'l2', 'log__solver': 'lbfgs', 'mlp__alpha': 0.0825504040064018, 'mlp__hidden_layer_sizes': (100,), 'mlp__max_iter': 482, 'nb__var_smoothing': 5e-09, 'rf__criterion': 'log_loss', 'rf__max_depth': 79, 'rf__min_samples_leaf': 0.03635384850987066, 'rf__min_samples_split': 3, 'rf__n_estimators': 29, 'svm__C': 138.268727803142, 'svm__gamma': 'scale'}","{'log': 0.7621495327102804, 'rf': 0.7750778816199377, 'gb': 0.7639667705088266, 'svm': 0.7138110072689512, 'knn': 0.7583939079266182, 'mlp': 0.7304430598823122, 'nb': 0.33449290411907234}",0.8148148148148148,0.8123960695389266,0.8148148148148148,0.7818930041152263,2025-02-15_18-22-22,C:/Users/thisi/OneDrive/共有ファイル/卒研B/データ最終版/2. 最終ファイルVIF主成分分析後 (2値sddis追加).csv
"(538, 45)",None,"['log', 'rf', 'gb', 'svm', 'knn', 'mlp', 'nb']",9,"['Maximum_duration_of_Visit', 'Number_of_Visits_per_character', 'Time_to_entry_saccade', 'Number_of_regression', 'extra_difficult_kanzi_words', 'Percentage_of_regular_difficulty_kanzi_words', 'Percentage_of_adnominal_modification_out_of_total_nouns', 'Cossim_model6', 'Norm_model6']","{'final_estimator__C': 9, 'final_estimator__max_iter': 37, 'final_estimator__penalty': 'l2', 'final_estimator__solver': 'liblinear', 'gb__learning_rate': 0.3910892098688473, 'gb__max_depth': 2, 'gb__min_samples_leaf': 8, 'gb__n_estimators': 174, 'gb__subsample': 0.9669673620042837, 'knn__leaf_size': 52, 'knn__n_neighbors': 4, 'log__C': 8, 'log__max_iter': 77, 'log__penalty': 'l2', 'log__solver': 'sag', 'mlp__alpha': 0.07625625832390343, 'mlp__hidden_layer_sizes': (100,), 'mlp__max_iter': 277, 'nb__var_smoothing': 1e-08, 'rf__criterion': 'entropy', 'rf__max_depth': 93, 'rf__min_samples_leaf': 0.7440182192706835, 'rf__min_samples_split': 4, 'rf__n_estimators': 26, 'svm__C': 133.26156971982456, 'svm__gamma': 'auto'}","{'log': 0.7640013845621321, 'rf': 0.7620976116303219, 'gb': 0.7343025268258914, 'svm': 0.7119591554170993, 'knn': 0.7547075112495673, 'mlp': 0.7267047421253029, 'nb': 0.34006576670128075}",0.8055555555555556,0.8152600974383154,0.8055555555555556,0.7596732350830712,2025-02-15_18-24-09,C:/Users/thisi/OneDrive/共有ファイル/卒研B/データ最終版/2. 最終ファイルVIF主成分分析後 (2値sddis追加).csv
"(538, 45)",None,"['log', 'rf', 'gb', 'svm', 'knn', 'mlp', 'nb']",9,"['Maximum_duration_of_Visit', 'Number_of_Visits_per_character', 'Time_to_entry_saccade', 'Number_of_regression', 'extra_difficult_kanzi_words', 'Percentage_of_regular_difficulty_kanzi_words', 'Percentage_of_adnominal_modification_out_of_total_nouns', 'Cossim_model6', 'Norm_model6']","{'final_estimator__C': 4, 'final_estimator__max_iter': 111, 'final_estimator__penalty': 'l2', 'final_estimator__solver': 'liblinear', 'gb__learning_rate': 0.6012815281789674, 'gb__max_depth': 4, 'gb__min_samples_leaf': 9, 'gb__n_estimators': 59, 'gb__subsample': 0.7863958303231542, 'knn__leaf_size': 96, 'knn__n_neighbors': 7, 'log__C': 2, 'log__max_iter': 195, 'log__penalty': 'l2', 'log__solver': 'liblinear', 'mlp__alpha': 0.07813478367384923, 'mlp__hidden_layer_sizes': (100, 50), 'mlp__max_iter': 465, 'nb__var_smoothing': 1e-09, 'rf__criterion': 'entropy', 'rf__max_depth': 37, 'rf__min_samples_leaf': 0.8031841827948107, 'rf__min_samples_split': 6, 'rf__n_estimators': 14, 'svm__C': 130.06068569172706, 'svm__gamma': 'scale'}","{'log': 0.7658705434406368, 'rf': 0.7620976116303219, 'gb': 0.7619591554170994, 'svm': 0.7138110072689512, 'knn': 0.7658359293873312, 'mlp': 0.7137937002422984, 'nb': 0.31966078227760475}",0.7870370370370371,0.7733511446382734,0.7870370370370371,0.7367849717576492,2025-02-15_18-27-07,C:/Users/thisi/OneDrive/共有ファイル/卒研B/データ最終版/2. 最終ファイルVIF主成分分析後 (2値sddis追加).csv
"(538, 45)",None,"['log', 'rf', 'gb', 'svm', 'knn', 'mlp', 'nb']",9,"['Maximum_duration_of_Visit', 'Number_of_Visits_per_character', 'Time_to_entry_saccade', 'Number_of_regression', 'extra_difficult_kanzi_words', 'Percentage_of_regular_difficulty_kanzi_words', 'Percentage_of_adnominal_modification_out_of_total_nouns', 'Cossim_model6', 'Norm_model6']","{'final_estimator__C': 9, 'final_estimator__max_iter': 140, 'final_estimator__penalty': 'l2', 'final_estimator__solver': 'lbfgs', 'gb__learning_rate': 0.6254850756321386, 'gb__max_depth': 7, 'gb__min_samples_leaf': 5, 'gb__n_estimators': 207, 'gb__subsample': 0.5816360972888419, 'knn__leaf_size': 52, 'knn__n_neighbors': 13, 'log__C': 3, 'log__max_iter': 198, 'log__penalty': 'l2', 'log__solver': 'liblinear', 'mlp__alpha': 0.030276687308583683, 'mlp__hidden_layer_sizes': (100, 50), 'mlp__max_iter': 11, 'nb__var_smoothing': 5e-09, 'rf__criterion': 'gini', 'rf__max_depth': 19, 'rf__min_samples_leaf': 0.7180899939708909, 'rf__min_samples_split': 6, 'rf__n_estimators': 16, 'svm__C': 76.13213498396927, 'svm__gamma': 0.001}","{'log': 0.7658705434406368, 'rf': 0.7620976116303219, 'gb': 0.7452059536171685, 'svm': 0.7639667705088267, 'knn': 0.7621322256836276, 'mlp': 0.7546382831429561, 'nb': 0.33449290411907234}",0.8055555555555556,0.7934499635530563,0.8055555555555556,0.774288254735182,2025-02-15_18-29-28,C:/Users/thisi/OneDrive/共有ファイル/卒研B/データ最終版/2. 最終ファイルVIF主成分分析後 (2値sddis追加).csv
"(538, 45)",None,"['log', 'rf', 'gb', 'svm', 'knn', 'mlp', 'nb']",9,"['Maximum_duration_of_Visit', 'Number_of_Visits_per_character', 'Time_to_entry_saccade', 'Number_of_regression', 'extra_difficult_kanzi_words', 'Percentage_of_regular_difficulty_kanzi_words', 'Percentage_of_adnominal_modification_out_of_total_nouns', 'Cossim_model6', 'Norm_model6']","{'final_estimator__C': 9, 'final_estimator__max_iter': 177, 'final_estimator__penalty': 'l2', 'final_estimator__solver': 'lbfgs', 'gb__learning_rate': 0.9831956042537197, 'gb__max_depth': 16, 'gb__min_samples_leaf': 1, 'gb__n_estimators': 149, 'gb__subsample': 0.9520184695817405, 'knn__leaf_size': 78, 'knn__n_neighbors': 11, 'log__C': 1, 'log__max_iter': 231, 'log__penalty': 'l2', 'log__solver': 'liblinear', 'mlp__alpha': 0.08117767680895972, 'mlp__hidden_layer_sizes': (50,), 'mlp__max_iter': 60, 'nb__var_smoothing': 5e-09, 'rf__criterion': 'gini', 'rf__max_depth': 12, 'rf__min_samples_leaf': 0.5008860850711346, 'rf__min_samples_split': 3, 'rf__n_estimators': 12, 'svm__C': 117.3674124276454, 'svm__gamma': 'auto'}","{'log': 0.7658705434406368, 'rf': 0.7620976116303219, 'gb': 0.7676531671858775, 'svm': 0.7119591554170993, 'knn': 0.7621149186569747, 'mlp': 0.7435790931118034, 'nb': 0.33449290411907234}",0.8240740740740741,0.8231629004824881,0.8240740740740741,0.7957846114270695,2025-02-15_18-32-09,C:/Users/thisi/OneDrive/共有ファイル/卒研B/データ最終版/2. 最終ファイルVIF主成分分析後 (2値sddis追加).csv
"(538, 45)",None,"['log', 'rf', 'gb', 'svm', 'knn', 'mlp', 'nb']",9,"['Maximum_duration_of_Visit', 'Number_of_Visits_per_character', 'Time_to_entry_saccade', 'Number_of_regression', 'extra_difficult_kanzi_words', 'Percentage_of_regular_difficulty_kanzi_words', 'Percentage_of_adnominal_modification_out_of_total_nouns', 'Cossim_model6', 'Norm_model6']","{'final_estimator__C': 2, 'final_estimator__max_iter': 56, 'final_estimator__penalty': 'l2', 'final_estimator__solver': 'sag', 'gb__learning_rate': 0.48798715946014504, 'gb__max_depth': 16, 'gb__min_samples_leaf': 9, 'gb__n_estimators': 20, 'gb__subsample': 0.8625620094136722, 'knn__leaf_size': 54, 'knn__n_neighbors': 5, 'log__C': 6, 'log__max_iter': 190, 'log__penalty': 'l2', 'log__solver': 'lbfgs', 'mlp__alpha': 0.011623718186897503, 'mlp__hidden_layer_sizes': (50,), 'mlp__max_iter': 33, 'nb__var_smoothing': 1e-08, 'rf__criterion': 'log_loss', 'rf__max_depth': 90, 'rf__min_samples_leaf': 0.1466496383475432, 'rf__min_samples_split': 2, 'rf__n_estimators': 21, 'svm__C': 120.35908215146095, 'svm__gamma': 5}","{'log': 0.7621495327102804, 'rf': 0.7620976116303219, 'gb': 0.7489961924541364, 'svm': 0.7620976116303219, 'knn': 0.747196261682243, 'mlp': 0.752803738317757, 'nb': 0.34006576670128075}",0.8148148148148148,0.8123960695389266,0.8148148148148148,0.7818930041152263,2025-02-15_18-34-00,C:/Users/thisi/OneDrive/共有ファイル/卒研B/データ最終版/2. 最終ファイルVIF主成分分析後 (2値sddis追加).csv
"(538, 45)",None,"['log', 'rf', 'gb', 'svm', 'knn', 'mlp', 'nb']",9,"['Maximum_duration_of_Visit', 'Number_of_Visits_per_character', 'Time_to_entry_saccade', 'Number_of_regression', 'extra_difficult_kanzi_words', 'Percentage_of_regular_difficulty_kanzi_words', 'Percentage_of_adnominal_modification_out_of_total_nouns', 'Cossim_model6', 'Norm_model6']","{'final_estimator__C': 3, 'final_estimator__max_iter': 283, 'final_estimator__penalty': 'l2', 'final_estimator__solver': 'sag', 'gb__learning_rate': 0.013203447693671424, 'gb__max_depth': 8, 'gb__min_samples_leaf': 6, 'gb__n_estimators': 227, 'gb__subsample': 0.6918240645367308, 'knn__leaf_size': 45, 'knn__n_neighbors': 9, 'log__C': 9, 'log__max_iter': 133, 'log__penalty': 'l2', 'log__solver': 'lbfgs', 'mlp__alpha': 0.02540348163766649, 'mlp__hidden_layer_sizes': (100,), 'mlp__max_iter': 33, 'nb__var_smoothing': 5e-09, 'rf__criterion': 'log_loss', 'rf__max_depth': 69, 'rf__min_samples_leaf': 0.32733655753144686, 'rf__min_samples_split': 6, 'rf__n_estimators': 29, 'svm__C': 4.844106061814575, 'svm__gamma': 'scale'}","{'log': 0.7621495327102804, 'rf': 0.7620976116303219, 'gb': 0.7806680512287989, 'svm': 0.7379196953963308, 'knn': 0.7639840775354794, 'mlp': 0.7435271720318448, 'nb': 0.33449290411907234}",0.8333333333333334,0.8333333333333335,0.8333333333333334,0.8091858860634734,2025-02-15_18-36-17,C:/Users/thisi/OneDrive/共有ファイル/卒研B/データ最終版/2. 最終ファイルVIF主成分分析後 (2値sddis追加).csv
"(538, 45)",None,"['log', 'rf', 'gb', 'svm', 'knn', 'mlp', 'nb']",9,"['Maximum_duration_of_Visit', 'Number_of_Visits_per_character', 'Time_to_entry_saccade', 'Number_of_regression', 'extra_difficult_kanzi_words', 'Percentage_of_regular_difficulty_kanzi_words', 'Percentage_of_adnominal_modification_out_of_total_nouns', 'Cossim_model6', 'Norm_model6']","{'final_estimator__C': 5, 'final_estimator__max_iter': 139, 'final_estimator__penalty': 'l2', 'final_estimator__solver': 'sag', 'gb__learning_rate': 0.8415519215568318, 'gb__max_depth': 17, 'gb__min_samples_leaf': 9, 'gb__n_estimators': 73, 'gb__subsample': 0.9936301390260263, 'knn__leaf_size': 81, 'knn__n_neighbors': 8, 'log__C': 4, 'log__max_iter': 176, 'log__penalty': 'l2', 'log__solver': 'liblinear', 'mlp__alpha': 0.04738024103616094, 'mlp__hidden_layer_sizes': (100,), 'mlp__max_iter': 263, 'nb__var_smoothing': 5e-09, 'rf__criterion': 'gini', 'rf__max_depth': 6, 'rf__min_samples_leaf': 0.7761119669939119, 'rf__min_samples_split': 5, 'rf__n_estimators': 12, 'svm__C': 69.25059605373853, 'svm__gamma': 1}","{'log': 0.7658705434406368, 'rf': 0.7620976116303219, 'gb': 0.7527518172377985, 'svm': 0.7620976116303219, 'knn': 0.7658532364139841, 'mlp': 0.732312218760817, 'nb': 0.33449290411907234}",0.8333333333333334,0.8262861169837913,0.8333333333333334,0.8283730158730159,2025-02-15_18-38-42,C:/Users/thisi/OneDrive/共有ファイル/卒研B/データ最終版/2. 最終ファイルVIF主成分分析後 (2値sddis追加).csv
"(538, 45)",None,"['log', 'rf', 'gb', 'svm', 'knn', 'mlp', 'nb']",9,"['Maximum_duration_of_Visit', 'Number_of_Visits_per_character', 'Time_to_entry_saccade', 'Number_of_regression', 'extra_difficult_kanzi_words', 'Percentage_of_regular_difficulty_kanzi_words', 'Percentage_of_adnominal_modification_out_of_total_nouns', 'Cossim_model6', 'Norm_model6']","{'final_estimator__C': 6, 'final_estimator__max_iter': 118, 'final_estimator__penalty': 'l2', 'final_estimator__solver': 'liblinear', 'gb__learning_rate': 0.7268395366682161, 'gb__max_depth': 13, 'gb__min_samples_leaf': 6, 'gb__n_estimators': 101, 'gb__subsample': 0.9113948839140112, 'knn__leaf_size': 80, 'knn__n_neighbors': 8, 'log__C': 2, 'log__max_iter': 125, 'log__penalty': 'l2', 'log__solver': 'liblinear', 'mlp__alpha': 0.004838616608180213, 'mlp__hidden_layer_sizes': (100,), 'mlp__max_iter': 152, 'nb__var_smoothing': 5e-09, 'rf__criterion': 'entropy', 'rf__max_depth': 31, 'rf__min_samples_leaf': 0.23605554497448566, 'rf__min_samples_split': 6, 'rf__n_estimators': 24, 'svm__C': 119.98695542141041, 'svm__gamma': 'scale'}","{'log': 0.7658705434406368, 'rf': 0.7620976116303219, 'gb': 0.7639321564555209, 'svm': 0.7138110072689512, 'knn': 0.7658532364139841, 'mlp': 0.7490827275874004, 'nb': 0.33449290411907234}",0.8240740740740741,0.8165692007797271,0.8240740740740741,0.8012136430215526,2025-02-15_18-40-58,C:/Users/thisi/OneDrive/共有ファイル/卒研B/データ最終版/2. 最終ファイルVIF主成分分析後 (2値sddis追加).csv
"(538, 45)",None,"['log', 'rf', 'gb', 'svm', 'knn', 'mlp', 'nb']",9,"['Maximum_duration_of_Visit', 'Number_of_Visits_per_character', 'Time_to_entry_saccade', 'Number_of_regression', 'extra_difficult_kanzi_words', 'Percentage_of_regular_difficulty_kanzi_words', 'Percentage_of_adnominal_modification_out_of_total_nouns', 'Cossim_model6', 'Norm_model6']","{'final_estimator__C': 2, 'final_estimator__max_iter': 266, 'final_estimator__penalty': 'l2', 'final_estimator__solver': 'sag', 'gb__learning_rate': 0.4221412480290514, 'gb__max_depth': 12, 'gb__min_samples_leaf': 5, 'gb__n_estimators': 129, 'gb__subsample': 0.9586716143034338, 'knn__leaf_size': 22, 'knn__n_neighbors': 9, 'log__C': 5, 'log__max_iter': 61, 'log__penalty': 'l2', 'log__solver': 'lbfgs', 'mlp__alpha': 0.055794294557950735, 'mlp__hidden_layer_sizes': (100, 50), 'mlp__max_iter': 305, 'nb__var_smoothing': 5e-09, 'rf__criterion': 'log_loss', 'rf__max_depth': 72, 'rf__min_samples_leaf': 0.1474493749586545, 'rf__min_samples_split': 6, 'rf__n_estimators': 19, 'svm__C': 65.58303643895296, 'svm__gamma': 'scale'}","{'log': 0.7640186915887851, 'rf': 0.7620976116303219, 'gb': 0.7751298026998962, 'svm': 0.7138110072689512, 'knn': 0.7639840775354794, 'mlp': 0.7230875735548633, 'nb': 0.33449290411907234}",0.7962962962962963,0.7879629629629631,0.7962962962962963,0.7524479877421053,2025-02-15_18-43-15,C:/Users/thisi/OneDrive/共有ファイル/卒研B/データ最終版/2. 最終ファイルVIF主成分分析後 (2値sddis追加).csv
"(538, 45)",None,"['log', 'rf', 'gb', 'svm', 'knn', 'mlp', 'nb']",9,"['Maximum_duration_of_Visit', 'Number_of_Visits_per_character', 'Time_to_entry_saccade', 'Number_of_regression', 'extra_difficult_kanzi_words', 'Percentage_of_regular_difficulty_kanzi_words', 'Percentage_of_adnominal_modification_out_of_total_nouns', 'Cossim_model6', 'Norm_model6']","{'final_estimator__C': 5, 'final_estimator__max_iter': 113, 'final_estimator__penalty': 'l2', 'final_estimator__solver': 'lbfgs', 'gb__learning_rate': 0.3191764244481644, 'gb__max_depth': 11, 'gb__min_samples_leaf': 4, 'gb__n_estimators': 78, 'gb__subsample': 0.5783593205717924, 'knn__leaf_size': 97, 'knn__n_neighbors': 6, 'log__C': 3, 'log__max_iter': 87, 'log__penalty': 'l2', 'log__solver': 'sag', 'mlp__alpha': 0.046711841710779294, 'mlp__hidden_layer_sizes': (100,), 'mlp__max_iter': 75, 'nb__var_smoothing': 1e-08, 'rf__criterion': 'entropy', 'rf__max_depth': 31, 'rf__min_samples_leaf': 0.4231790126114957, 'rf__min_samples_split': 6, 'rf__n_estimators': 17, 'svm__C': 2.273552655964196, 'svm__gamma': 0.001}","{'log': 0.7658705434406368, 'rf': 0.7620976116303219, 'gb': 0.7583766008999654, 'svm': 0.7620976116303219, 'knn': 0.7565420560747663, 'mlp': 0.7491173416407062, 'nb': 0.34006576670128075}",0.8148148148148148,0.8123960695389266,0.8148148148148148,0.7818930041152263,2025-02-15_18-45-12,C:/Users/thisi/OneDrive/共有ファイル/卒研B/データ最終版/2. 最終ファイルVIF主成分分析後 (2値sddis追加).csv
"(538, 45)",None,"['log', 'rf', 'gb', 'svm', 'knn', 'mlp', 'nb']",9,"['Maximum_duration_of_Visit', 'Number_of_Visits_per_character', 'Time_to_entry_saccade', 'Number_of_regression', 'extra_difficult_kanzi_words', 'Percentage_of_regular_difficulty_kanzi_words', 'Percentage_of_adnominal_modification_out_of_total_nouns', 'Cossim_model6', 'Norm_model6']","{'final_estimator__C': 1, 'final_estimator__max_iter': 197, 'final_estimator__penalty': 'l2', 'final_estimator__solver': 'liblinear', 'gb__learning_rate': 0.7324406494220398, 'gb__max_depth': 1, 'gb__min_samples_leaf': 4, 'gb__n_estimators': 174, 'gb__subsample': 0.9025641945567285, 'knn__leaf_size': 77, 'knn__n_neighbors': 7, 'log__C': 4, 'log__max_iter': 258, 'log__penalty': 'l2', 'log__solver': 'lbfgs', 'mlp__alpha': 0.02425776323812151, 'mlp__hidden_layer_sizes': (50,), 'mlp__max_iter': 156, 'nb__var_smoothing': 5e-09, 'rf__criterion': 'entropy', 'rf__max_depth': 85, 'rf__min_samples_leaf': 0.5733051281014123, 'rf__min_samples_split': 3, 'rf__n_estimators': 14, 'svm__C': 51.64085818707584, 'svm__gamma': 1}","{'log': 0.7658705434406368, 'rf': 0.7620976116303219, 'gb': 0.7081516095534787, 'svm': 0.7620976116303219, 'knn': 0.7658359293873312, 'mlp': 0.7435271720318448, 'nb': 0.33449290411907234}",0.7962962962962963,0.8035584604212055,0.7962962962962963,0.7437097423510467,2025-02-15_18-46-55,C:/Users/thisi/OneDrive/共有ファイル/卒研B/データ最終版/2. 最終ファイルVIF主成分分析後 (2値sddis追加).csv
"(538, 45)",None,"['log', 'rf', 'gb', 'svm', 'knn', 'mlp', 'nb']",9,"['Maximum_duration_of_Visit', 'Number_of_Visits_per_character', 'Time_to_entry_saccade', 'Number_of_regression', 'extra_difficult_kanzi_words', 'Percentage_of_regular_difficulty_kanzi_words', 'Percentage_of_adnominal_modification_out_of_total_nouns', 'Cossim_model6', 'Norm_model6']","{'final_estimator__C': 9, 'final_estimator__max_iter': 225, 'final_estimator__penalty': 'l2', 'final_estimator__solver': 'lbfgs', 'gb__learning_rate': 0.9664738869698842, 'gb__max_depth': 12, 'gb__min_samples_leaf': 2, 'gb__n_estimators': 158, 'gb__subsample': 0.9372286383779006, 'knn__leaf_size': 91, 'knn__n_neighbors': 14, 'log__C': 4, 'log__max_iter': 175, 'log__penalty': 'l2', 'log__solver': 'lbfgs', 'mlp__alpha': 0.05903879485703732, 'mlp__hidden_layer_sizes': (100,), 'mlp__max_iter': 475, 'nb__var_smoothing': 5e-09, 'rf__criterion': 'log_loss', 'rf__max_depth': 86, 'rf__min_samples_leaf': 0.5268609719612551, 'rf__min_samples_split': 9, 'rf__n_estimators': 17, 'svm__C': 128.177264666421, 'svm__gamma': 0.001}","{'log': 0.7658705434406368, 'rf': 0.7620976116303219, 'gb': 0.7509691934925579, 'svm': 0.7528383523710627, 'knn': 0.7583939079266182, 'mlp': 0.7211318795430945, 'nb': 0.33449290411907234}",0.8240740740740741,0.8165692007797271,0.8240740740740741,0.8012136430215526,2025-02-15_18-48-29,C:/Users/thisi/OneDrive/共有ファイル/卒研B/データ最終版/2. 最終ファイルVIF主成分分析後 (2値sddis追加).csv
"(538, 45)",None,"['log', 'rf', 'gb', 'svm', 'knn', 'mlp', 'nb']",9,"['Maximum_duration_of_Visit', 'Number_of_Visits_per_character', 'Time_to_entry_saccade', 'Number_of_regression', 'extra_difficult_kanzi_words', 'Percentage_of_regular_difficulty_kanzi_words', 'Percentage_of_adnominal_modification_out_of_total_nouns', 'Cossim_model6', 'Norm_model6']","{'final_estimator__C': 3, 'final_estimator__max_iter': 280, 'final_estimator__penalty': 'l2', 'final_estimator__solver': 'sag', 'gb__learning_rate': 0.24222257380049705, 'gb__max_depth': 19, 'gb__min_samples_leaf': 4, 'gb__n_estimators': 142, 'gb__subsample': 0.609658826765463, 'knn__leaf_size': 15, 'knn__n_neighbors': 9, 'log__C': 7, 'log__max_iter': 129, 'log__penalty': 'l2', 'log__solver': 'lbfgs', 'mlp__alpha': 0.03238915299988052, 'mlp__hidden_layer_sizes': (50,), 'mlp__max_iter': 287, 'nb__var_smoothing': 1e-09, 'rf__criterion': 'gini', 'rf__max_depth': 75, 'rf__min_samples_leaf': 0.8826010603641128, 'rf__min_samples_split': 2, 'rf__n_estimators': 24, 'svm__C': 115.25054521317273, 'svm__gamma': 0.001}","{'log': 0.7621495327102804, 'rf': 0.7620976116303219, 'gb': 0.7695050190377294, 'svm': 0.7565593631014191, 'knn': 0.7639840775354794, 'mlp': 0.7453963309103495, 'nb': 0.31966078227760475}",0.8240740740740741,0.8231629004824881,0.8240740740740741,0.7957846114270695,2025-02-15_18-51-13,C:/Users/thisi/OneDrive/共有ファイル/卒研B/データ最終版/2. 最終ファイルVIF主成分分析後 (2値sddis追加).csv
"(538, 45)",None,"['log', 'rf', 'gb', 'svm', 'knn', 'mlp', 'nb']",9,"['Maximum_duration_of_Visit', 'Number_of_Visits_per_character', 'Time_to_entry_saccade', 'Number_of_regression', 'extra_difficult_kanzi_words', 'Percentage_of_regular_difficulty_kanzi_words', 'Percentage_of_adnominal_modification_out_of_total_nouns', 'Cossim_model6', 'Norm_model6']","{'final_estimator__C': 3, 'final_estimator__max_iter': 82, 'final_estimator__penalty': 'l2', 'final_estimator__solver': 'liblinear', 'gb__learning_rate': 0.48537022318211176, 'gb__max_depth': 4, 'gb__min_samples_leaf': 5, 'gb__n_estimators': 240, 'gb__subsample': 0.9103829230356297, 'knn__leaf_size': 52, 'knn__n_neighbors': 14, 'log__C': 4, 'log__max_iter': 32, 'log__penalty': 'l2', 'log__solver': 'liblinear', 'mlp__alpha': 0.029075145291376805, 'mlp__hidden_layer_sizes': (50,), 'mlp__max_iter': 293, 'nb__var_smoothing': 5e-09, 'rf__criterion': 'entropy', 'rf__max_depth': 45, 'rf__min_samples_leaf': 0.305633685837714, 'rf__min_samples_split': 5, 'rf__n_estimators': 15, 'svm__C': 68.49018557243654, 'svm__gamma': 0.1}","{'log': 0.7658705434406368, 'rf': 0.7620976116303219, 'gb': 0.7416926272066459, 'svm': 0.7546728971962616, 'knn': 0.7583939079266182, 'mlp': 0.7435617860851504, 'nb': 0.33449290411907234}",0.8240740740740741,0.8352038907594463,0.8240740740740741,0.7896109211026338,2025-02-15_18-54-13,C:/Users/thisi/OneDrive/共有ファイル/卒研B/データ最終版/2. 最終ファイルVIF主成分分析後 (2値sddis追加).csv
"(538, 45)",None,"['log', 'rf', 'gb', 'svm', 'knn', 'mlp', 'nb']",9,"['Maximum_duration_of_Visit', 'Number_of_Visits_per_character', 'Time_to_entry_saccade', 'Number_of_regression', 'extra_difficult_kanzi_words', 'Percentage_of_regular_difficulty_kanzi_words', 'Percentage_of_adnominal_modification_out_of_total_nouns', 'Cossim_model6', 'Norm_model6']","{'final_estimator__C': 6, 'final_estimator__max_iter': 135, 'final_estimator__penalty': 'l2', 'final_estimator__solver': 'liblinear', 'gb__learning_rate': 0.8972905916605034, 'gb__max_depth': 14, 'gb__min_samples_leaf': 6, 'gb__n_estimators': 111, 'gb__subsample': 0.8212915884340132, 'knn__leaf_size': 85, 'knn__n_neighbors': 12, 'log__C': 6, 'log__max_iter': 86, 'log__penalty': 'l2', 'log__solver': 'lbfgs', 'mlp__alpha': 0.0045745695441827385, 'mlp__hidden_layer_sizes': (100, 50), 'mlp__max_iter': 313, 'nb__var_smoothing': 1e-08, 'rf__criterion': 'entropy', 'rf__max_depth': 9, 'rf__min_samples_leaf': 0.4514761585885201, 'rf__min_samples_split': 6, 'rf__n_estimators': 27, 'svm__C': 142.96563968805617, 'svm__gamma': 'auto'}","{'log': 0.7621495327102804, 'rf': 0.7620976116303219, 'gb': 0.7453617168570439, 'svm': 0.7119591554170993, 'knn': 0.7639667705088266, 'mlp': 0.7100553824852891, 'nb': 0.34006576670128075}",0.8240740740740741,0.8231629004824881,0.8240740740740741,0.7957846114270695,2025-02-15_18-56-30,C:/Users/thisi/OneDrive/共有ファイル/卒研B/データ最終版/2. 最終ファイルVIF主成分分析後 (2値sddis追加).csv
"(538, 45)",None,"['log', 'rf', 'gb', 'svm', 'knn', 'mlp', 'nb']",9,"['Maximum_duration_of_Visit', 'Number_of_Visits_per_character', 'Time_to_entry_saccade', 'Number_of_regression', 'extra_difficult_kanzi_words', 'Percentage_of_regular_difficulty_kanzi_words', 'Percentage_of_adnominal_modification_out_of_total_nouns', 'Cossim_model6', 'Norm_model6']","{'final_estimator__C': 3, 'final_estimator__max_iter': 47, 'final_estimator__penalty': 'l2', 'final_estimator__solver': 'lbfgs', 'gb__learning_rate': 0.14208267917346473, 'gb__max_depth': 9, 'gb__min_samples_leaf': 2, 'gb__n_estimators': 133, 'gb__subsample': 0.5552683174637241, 'knn__leaf_size': 10, 'knn__n_neighbors': 8, 'log__C': 5, 'log__max_iter': 57, 'log__penalty': 'l2', 'log__solver': 'liblinear', 'mlp__alpha': 0.07708123487086521, 'mlp__hidden_layer_sizes': (100, 50), 'mlp__max_iter': 11, 'nb__var_smoothing': 1e-09, 'rf__criterion': 'log_loss', 'rf__max_depth': 16, 'rf__min_samples_leaf': 0.49412454510581905, 'rf__min_samples_split': 5, 'rf__n_estimators': 10, 'svm__C': 17.54884082027158, 'svm__gamma': 0.01}","{'log': 0.7640186915887851, 'rf': 0.7620976116303219, 'gb': 0.7750778816199376, 'svm': 0.7378850813430253, 'knn': 0.7658532364139841, 'mlp': 0.7546382831429561, 'nb': 0.31966078227760475}",0.8240740740740741,0.8231629004824881,0.8240740740740741,0.7957846114270695,2025-02-15_18-58-44,C:/Users/thisi/OneDrive/共有ファイル/卒研B/データ最終版/2. 最終ファイルVIF主成分分析後 (2値sddis追加).csv
"(538, 45)",None,"['log', 'rf', 'gb', 'svm', 'knn', 'mlp', 'nb']",9,"['Maximum_duration_of_Visit', 'Number_of_Visits_per_character', 'Time_to_entry_saccade', 'Number_of_regression', 'extra_difficult_kanzi_words', 'Percentage_of_regular_difficulty_kanzi_words', 'Percentage_of_adnominal_modification_out_of_total_nouns', 'Cossim_model6', 'Norm_model6']","{'final_estimator__C': 5, 'final_estimator__max_iter': 106, 'final_estimator__penalty': 'l2', 'final_estimator__solver': 'lbfgs', 'gb__learning_rate': 0.5651251553927428, 'gb__max_depth': 16, 'gb__min_samples_leaf': 2, 'gb__n_estimators': 16, 'gb__subsample': 0.9785523046616946, 'knn__leaf_size': 21, 'knn__n_neighbors': 10, 'log__C': 9, 'log__max_iter': 69, 'log__penalty': 'l2', 'log__solver': 'sag', 'mlp__alpha': 0.09683974147032261, 'mlp__hidden_layer_sizes': (50,), 'mlp__max_iter': 329, 'nb__var_smoothing': 1e-08, 'rf__criterion': 'log_loss', 'rf__max_depth': 17, 'rf__min_samples_leaf': 0.7163714846079962, 'rf__min_samples_split': 9, 'rf__n_estimators': 25, 'svm__C': 90.16061852847795, 'svm__gamma': 0.01}","{'log': 0.7640013845621321, 'rf': 0.7620976116303219, 'gb': 0.7546382831429561, 'svm': 0.7119591554170994, 'knn': 0.7621149186569747, 'mlp': 0.7472481827622015, 'nb': 0.34006576670128075}",0.8055555555555556,0.8007856341189673,0.8055555555555556,0.7674647022713321,2025-02-15_18-59-57,C:/Users/thisi/OneDrive/共有ファイル/卒研B/データ最終版/2. 最終ファイルVIF主成分分析後 (2値sddis追加).csv
"(538, 45)",None,"['log', 'rf', 'gb', 'svm', 'knn', 'mlp', 'nb']",9,"['Maximum_duration_of_Visit', 'Number_of_Visits_per_character', 'Time_to_entry_saccade', 'Number_of_regression', 'extra_difficult_kanzi_words', 'Percentage_of_regular_difficulty_kanzi_words', 'Percentage_of_adnominal_modification_out_of_total_nouns', 'Cossim_model6', 'Norm_model6']","{'final_estimator__C': 4, 'final_estimator__max_iter': 61, 'final_estimator__penalty': 'l2', 'final_estimator__solver': 'sag', 'gb__learning_rate': 0.718504989916017, 'gb__max_depth': 13, 'gb__min_samples_leaf': 9, 'gb__n_estimators': 31, 'gb__subsample': 0.948837582581218, 'knn__leaf_size': 70, 'knn__n_neighbors': 11, 'log__C': 2, 'log__max_iter': 208, 'log__penalty': 'l2', 'log__solver': 'liblinear', 'mlp__alpha': 0.07085526224827625, 'mlp__hidden_layer_sizes': (100, 50), 'mlp__max_iter': 37, 'nb__var_smoothing': 1e-08, 'rf__criterion': 'entropy', 'rf__max_depth': 80, 'rf__min_samples_leaf': 0.21694776650990866, 'rf__min_samples_split': 6, 'rf__n_estimators': 17, 'svm__C': 1.9797318559057542, 'svm__gamma': 'scale'}","{'log': 0.7658705434406368, 'rf': 0.7620976116303219, 'gb': 0.7806853582554517, 'svm': 0.7676358601592247, 'knn': 0.7621149186569747, 'mlp': 0.7547248182762202, 'nb': 0.34006576670128075}",0.8148148148148148,0.8123960695389266,0.8148148148148148,0.7818930041152263,2025-02-15_19-01-53,C:/Users/thisi/OneDrive/共有ファイル/卒研B/データ最終版/2. 最終ファイルVIF主成分分析後 (2値sddis追加).csv
"(538, 45)",None,"['log', 'rf', 'gb', 'svm', 'knn', 'mlp', 'nb']",9,"['Maximum_duration_of_Visit', 'Number_of_Visits_per_character', 'Time_to_entry_saccade', 'Number_of_regression', 'extra_difficult_kanzi_words', 'Percentage_of_regular_difficulty_kanzi_words', 'Percentage_of_adnominal_modification_out_of_total_nouns', 'Cossim_model6', 'Norm_model6']","{'final_estimator__C': 1, 'final_estimator__max_iter': 204, 'final_estimator__penalty': 'l2', 'final_estimator__solver': 'lbfgs', 'gb__learning_rate': 0.2381322191669215, 'gb__max_depth': 16, 'gb__min_samples_leaf': 9, 'gb__n_estimators': 99, 'gb__subsample': 0.971888334145795, 'knn__leaf_size': 41, 'knn__n_neighbors': 8, 'log__C': 7, 'log__max_iter': 238, 'log__penalty': 'l2', 'log__solver': 'sag', 'mlp__alpha': 0.03696389068339156, 'mlp__hidden_layer_sizes': (100, 50), 'mlp__max_iter': 419, 'nb__var_smoothing': 1e-08, 'rf__criterion': 'gini', 'rf__max_depth': 89, 'rf__min_samples_leaf': 0.6069115259308855, 'rf__min_samples_split': 6, 'rf__n_estimators': 10, 'svm__C': 147.31802258808878, 'svm__gamma': 1}","{'log': 0.7621495327102804, 'rf': 0.7620976116303219, 'gb': 0.7657320872274143, 'svm': 0.7620976116303219, 'knn': 0.7658532364139841, 'mlp': 0.7212530287296642, 'nb': 0.34006576670128075}",0.8425925925925926,0.8430799220272904,0.8425925925925926,0.8221385227034945,2025-02-15_19-04-50,C:/Users/thisi/OneDrive/共有ファイル/卒研B/データ最終版/2. 最終ファイルVIF主成分分析後 (2値sddis追加).csv
"(538, 45)",None,"['log', 'rf', 'gb', 'svm', 'knn', 'mlp', 'nb']",9,"['Maximum_duration_of_Visit', 'Number_of_Visits_per_character', 'Time_to_entry_saccade', 'Number_of_regression', 'extra_difficult_kanzi_words', 'Percentage_of_regular_difficulty_kanzi_words', 'Percentage_of_adnominal_modification_out_of_total_nouns', 'Cossim_model6', 'Norm_model6']","{'final_estimator__C': 3, 'final_estimator__max_iter': 147, 'final_estimator__penalty': 'l2', 'final_estimator__solver': 'liblinear', 'gb__learning_rate': 0.047110314984838635, 'gb__max_depth': 7, 'gb__min_samples_leaf': 1, 'gb__n_estimators': 32, 'gb__subsample': 0.8341595051808922, 'knn__leaf_size': 22, 'knn__n_neighbors': 7, 'log__C': 7, 'log__max_iter': 150, 'log__penalty': 'l2', 'log__solver': 'sag', 'mlp__alpha': 0.014382810449097172, 'mlp__hidden_layer_sizes': (50,), 'mlp__max_iter': 366, 'nb__var_smoothing': 1e-08, 'rf__criterion': 'gini', 'rf__max_depth': 68, 'rf__min_samples_leaf': 0.6236303874864167, 'rf__min_samples_split': 7, 'rf__n_estimators': 10, 'svm__C': 115.80538446972234, 'svm__gamma': 0.1}","{'log': 0.7640186915887851, 'rf': 0.7620976116303219, 'gb': 0.7658013153340256, 'svm': 0.7546728971962616, 'knn': 0.7658359293873312, 'mlp': 0.7453963309103495, 'nb': 0.34006576670128075}",0.8240740740740741,0.8231629004824881,0.8240740740740741,0.7957846114270695,2025-02-15_19-07-25,C:/Users/thisi/OneDrive/共有ファイル/卒研B/データ最終版/2. 最終ファイルVIF主成分分析後 (2値sddis追加).csv
"(538, 45)",None,"['log', 'rf', 'gb', 'svm', 'knn', 'mlp', 'nb']",9,"['Maximum_duration_of_Visit', 'Number_of_Visits_per_character', 'Time_to_entry_saccade', 'Number_of_regression', 'extra_difficult_kanzi_words', 'Percentage_of_regular_difficulty_kanzi_words', 'Percentage_of_adnominal_modification_out_of_total_nouns', 'Cossim_model6', 'Norm_model6']","{'final_estimator__C': 7, 'final_estimator__max_iter': 255, 'final_estimator__penalty': 'l2', 'final_estimator__solver': 'lbfgs', 'gb__learning_rate': 0.4307992348641624, 'gb__max_depth': 11, 'gb__min_samples_leaf': 8, 'gb__n_estimators': 236, 'gb__subsample': 0.5760476283433114, 'knn__leaf_size': 26, 'knn__n_neighbors': 4, 'log__C': 1, 'log__max_iter': 205, 'log__penalty': 'l2', 'log__solver': 'lbfgs', 'mlp__alpha': 0.01604618978887381, 'mlp__hidden_layer_sizes': (100,), 'mlp__max_iter': 47, 'nb__var_smoothing': 5e-09, 'rf__criterion': 'log_loss', 'rf__max_depth': 8, 'rf__min_samples_leaf': 0.9311455062585187, 'rf__min_samples_split': 3, 'rf__n_estimators': 15, 'svm__C': 113.04138649028626, 'svm__gamma': 'auto'}","{'log': 0.7640186915887851, 'rf': 0.7620976116303219, 'gb': 0.7509345794392523, 'svm': 0.7119591554170993, 'knn': 0.7547075112495673, 'mlp': 0.7435271720318448, 'nb': 0.33449290411907234}",0.8333333333333334,0.8333333333333335,0.8333333333333334,0.8091858860634734,2025-02-15_19-10-13,C:/Users/thisi/OneDrive/共有ファイル/卒研B/データ最終版/2. 最終ファイルVIF主成分分析後 (2値sddis追加).csv
"(538, 45)",None,"['log', 'rf', 'gb', 'svm', 'knn', 'mlp', 'nb']",9,"['Maximum_duration_of_Visit', 'Number_of_Visits_per_character', 'Time_to_entry_saccade', 'Number_of_regression', 'extra_difficult_kanzi_words', 'Percentage_of_regular_difficulty_kanzi_words', 'Percentage_of_adnominal_modification_out_of_total_nouns', 'Cossim_model6', 'Norm_model6']","{'final_estimator__C': 4, 'final_estimator__max_iter': 65, 'final_estimator__penalty': 'l2', 'final_estimator__solver': 'sag', 'gb__learning_rate': 0.9459628366828132, 'gb__max_depth': 12, 'gb__min_samples_leaf': 6, 'gb__n_estimators': 298, 'gb__subsample': 0.9554068455461762, 'knn__leaf_size': 79, 'knn__n_neighbors': 14, 'log__C': 7, 'log__max_iter': 184, 'log__penalty': 'l2', 'log__solver': 'lbfgs', 'mlp__alpha': 0.06177314147225143, 'mlp__hidden_layer_sizes': (50,), 'mlp__max_iter': 88, 'nb__var_smoothing': 1e-09, 'rf__criterion': 'log_loss', 'rf__max_depth': 44, 'rf__min_samples_leaf': 0.9932156313852906, 'rf__min_samples_split': 6, 'rf__n_estimators': 18, 'svm__C': 148.1411358435561, 'svm__gamma': 1}","{'log': 0.7621495327102804, 'rf': 0.7620976116303219, 'gb': 0.7621149186569747, 'svm': 0.7620976116303219, 'knn': 0.7583939079266182, 'mlp': 0.7528383523710626, 'nb': 0.31966078227760475}",0.8055555555555556,0.7934499635530563,0.8055555555555556,0.774288254735182,2025-02-15_19-11-43,C:/Users/thisi/OneDrive/共有ファイル/卒研B/データ最終版/2. 最終ファイルVIF主成分分析後 (2値sddis追加).csv
"(538, 45)",None,"['log', 'rf', 'gb', 'svm', 'knn', 'mlp', 'nb']",9,"['Maximum_duration_of_Visit', 'Number_of_Visits_per_character', 'Time_to_entry_saccade', 'Number_of_regression', 'extra_difficult_kanzi_words', 'Percentage_of_regular_difficulty_kanzi_words', 'Percentage_of_adnominal_modification_out_of_total_nouns', 'Cossim_model6', 'Norm_model6']","{'final_estimator__C': 5, 'final_estimator__max_iter': 129, 'final_estimator__penalty': 'l2', 'final_estimator__solver': 'sag', 'gb__learning_rate': 0.6340299864773533, 'gb__max_depth': 1, 'gb__min_samples_leaf': 5, 'gb__n_estimators': 35, 'gb__subsample': 0.7804439920644052, 'knn__leaf_size': 97, 'knn__n_neighbors': 9, 'log__C': 9, 'log__max_iter': 42, 'log__penalty': 'l2', 'log__solver': 'sag', 'mlp__alpha': 0.009717226044546168, 'mlp__hidden_layer_sizes': (100, 50), 'mlp__max_iter': 289, 'nb__var_smoothing': 5e-09, 'rf__criterion': 'gini', 'rf__max_depth': 28, 'rf__min_samples_leaf': 0.029366957870297077, 'rf__min_samples_split': 4, 'rf__n_estimators': 16, 'svm__C': 31.75421740000886, 'svm__gamma': 0.01}","{'log': 0.7621322256836274, 'rf': 0.771356870889581, 'gb': 0.7434752509518866, 'svm': 0.7082381446867428, 'knn': 0.7639840775354794, 'mlp': 0.71564555209415, 'nb': 0.33449290411907234}",0.7870370370370371,0.7733511446382734,0.7870370370370371,0.7367849717576492,2025-02-28_16-25-45,C:/Users/thisi/OneDrive/共有ファイル/卒研B/データ最終版/2. 最終ファイルVIF主成分分析後 (2値sddis追加).csv
