"(538, 45)",None,"['log', 'rf', 'gb', 'svm', 'knn', 'mlp', 'nb']",7,"['Maximum_duration_of_Visit', 'Number_of_Visits_per_character', 'Time_to_entry_saccade', 'Number_of_regression', 'extra_difficult_kanzi_words', 'Percentage_of_regular_difficulty_kanzi_words', 'Percentage_of_adnominal_modification_out_of_total_nouns']","{'final_estimator__C': 5, 'final_estimator__max_iter': 50, 'final_estimator__penalty': 'l2', 'final_estimator__solver': 'lbfgs', 'gb__learning_rate': 0.5484246942799851, 'gb__max_depth': 14, 'gb__min_samples_leaf': 5, 'gb__n_estimators': 67, 'gb__subsample': 0.8477658597455066, 'knn__leaf_size': 92, 'knn__n_neighbors': 2, 'log__C': 8, 'log__max_iter': 172, 'log__penalty': 'l2', 'log__solver': 'liblinear', 'mlp__alpha': 0.0764233052715122, 'mlp__hidden_layer_sizes': (100,), 'mlp__max_iter': 150, 'nb__var_smoothing': 5e-09, 'rf__criterion': 'log_loss', 'rf__max_depth': 61, 'rf__min_samples_leaf': 0.9748400471483856, 'rf__min_samples_split': 3, 'rf__n_estimators': 29, 'svm__C': 93.26435803136827, 'svm__gamma': 1}","{'log': 0.7621495327102804, 'rf': 0.7620976116303219, 'gb': 0.7490308065074419, 'svm': 0.7620976116303219, 'knn': 0.758324679820007, 'mlp': 0.752803738317757, 'nb': 0.33449290411907234}",0.8055555555555556,0.7934499635530563,0.8055555555555556,0.774288254735182,2025-02-15_20-21-46,C:/Users/thisi/OneDrive/共有ファイル/卒研B/データ最終版/2. 最終ファイルVIF主成分分析後 (2値sddis追加).csv
"(538, 45)",None,"['log', 'rf', 'gb', 'svm', 'knn', 'mlp', 'nb']",7,"['Maximum_duration_of_Visit', 'Number_of_Visits_per_character', 'Time_to_entry_saccade', 'Number_of_regression', 'extra_difficult_kanzi_words', 'Percentage_of_regular_difficulty_kanzi_words', 'Percentage_of_adnominal_modification_out_of_total_nouns']","{'final_estimator__C': 9, 'final_estimator__max_iter': 35, 'final_estimator__penalty': 'l2', 'final_estimator__solver': 'sag', 'gb__learning_rate': 0.9415408658211117, 'gb__max_depth': 12, 'gb__min_samples_leaf': 3, 'gb__n_estimators': 85, 'gb__subsample': 0.920367802087489, 'knn__leaf_size': 44, 'knn__n_neighbors': 3, 'log__C': 6, 'log__max_iter': 67, 'log__penalty': 'l2', 'log__solver': 'liblinear', 'mlp__alpha': 0.06337377306009369, 'mlp__hidden_layer_sizes': (100,), 'mlp__max_iter': 303, 'nb__var_smoothing': 1e-08, 'rf__criterion': 'gini', 'rf__max_depth': 43, 'rf__min_samples_leaf': 0.1944398656469153, 'rf__min_samples_split': 8, 'rf__n_estimators': 16, 'svm__C': 128.1062938959233, 'svm__gamma': 0.01}","{'log': 0.7621495327102804, 'rf': 0.7620976116303219, 'gb': 0.7602803738317757, 'svm': 0.7101073035652475, 'knn': 0.7397715472481827, 'mlp': 0.7248875043267566, 'nb': 0.34006576670128075}",0.8055555555555556,0.7934499635530563,0.8055555555555556,0.774288254735182,2025-02-15_20-23-18,C:/Users/thisi/OneDrive/共有ファイル/卒研B/データ最終版/2. 最終ファイルVIF主成分分析後 (2値sddis追加).csv
"(538, 45)",None,"['log', 'rf', 'gb', 'svm', 'knn', 'mlp', 'nb']",7,"['Maximum_duration_of_Visit', 'Number_of_Visits_per_character', 'Time_to_entry_saccade', 'Number_of_regression', 'extra_difficult_kanzi_words', 'Percentage_of_regular_difficulty_kanzi_words', 'Percentage_of_adnominal_modification_out_of_total_nouns']","{'final_estimator__C': 9, 'final_estimator__max_iter': 27, 'final_estimator__penalty': 'l2', 'final_estimator__solver': 'lbfgs', 'gb__learning_rate': 0.4646077664542869, 'gb__max_depth': 16, 'gb__min_samples_leaf': 1, 'gb__n_estimators': 30, 'gb__subsample': 0.7219578839321814, 'knn__leaf_size': 31, 'knn__n_neighbors': 6, 'log__C': 8, 'log__max_iter': 74, 'log__penalty': 'l2', 'log__solver': 'lbfgs', 'mlp__alpha': 0.09038341085383982, 'mlp__hidden_layer_sizes': (100, 50), 'mlp__max_iter': 382, 'nb__var_smoothing': 5e-09, 'rf__criterion': 'gini', 'rf__max_depth': 57, 'rf__min_samples_leaf': 0.6634109025235362, 'rf__min_samples_split': 2, 'rf__n_estimators': 27, 'svm__C': 33.768175725974785, 'svm__gamma': 5}","{'log': 0.7621495327102804, 'rf': 0.7620976116303219, 'gb': 0.7528383523710627, 'svm': 0.7620976116303219, 'knn': 0.7565420560747663, 'mlp': 0.721270335756317, 'nb': 0.33449290411907234}",0.7870370370370371,0.7733511446382734,0.7870370370370371,0.7367849717576492,2025-02-15_20-26-51,C:/Users/thisi/OneDrive/共有ファイル/卒研B/データ最終版/2. 最終ファイルVIF主成分分析後 (2値sddis追加).csv
"(538, 45)",None,"['log', 'rf', 'gb', 'svm', 'knn', 'mlp', 'nb']",7,"['Maximum_duration_of_Visit', 'Number_of_Visits_per_character', 'Time_to_entry_saccade', 'Number_of_regression', 'extra_difficult_kanzi_words', 'Percentage_of_regular_difficulty_kanzi_words', 'Percentage_of_adnominal_modification_out_of_total_nouns']","{'final_estimator__C': 7, 'final_estimator__max_iter': 95, 'final_estimator__penalty': 'l2', 'final_estimator__solver': 'lbfgs', 'gb__learning_rate': 0.8862720779834412, 'gb__max_depth': 9, 'gb__min_samples_leaf': 2, 'gb__n_estimators': 88, 'gb__subsample': 0.904825217310906, 'knn__leaf_size': 63, 'knn__n_neighbors': 6, 'log__C': 3, 'log__max_iter': 207, 'log__penalty': 'l2', 'log__solver': 'lbfgs', 'mlp__alpha': 0.06999810287631163, 'mlp__hidden_layer_sizes': (100, 50), 'mlp__max_iter': 50, 'nb__var_smoothing': 1e-09, 'rf__criterion': 'gini', 'rf__max_depth': 68, 'rf__min_samples_leaf': 0.2554537085831021, 'rf__min_samples_split': 7, 'rf__n_estimators': 22, 'svm__C': 134.2076938475108, 'svm__gamma': 'auto'}","{'log': 0.7640186915887851, 'rf': 0.7620976116303219, 'gb': 0.7565247490481136, 'svm': 0.7119591554170993, 'knn': 0.7565420560747663, 'mlp': 0.739840775354794, 'nb': 0.31966078227760475}",0.8148148148148148,0.8123960695389266,0.8148148148148148,0.7818930041152263,2025-02-15_20-29-26,C:/Users/thisi/OneDrive/共有ファイル/卒研B/データ最終版/2. 最終ファイルVIF主成分分析後 (2値sddis追加).csv
"(538, 45)",None,"['log', 'rf', 'gb', 'svm', 'knn', 'mlp', 'nb']",7,"['Maximum_duration_of_Visit', 'Number_of_Visits_per_character', 'Time_to_entry_saccade', 'Number_of_regression', 'extra_difficult_kanzi_words', 'Percentage_of_regular_difficulty_kanzi_words', 'Percentage_of_adnominal_modification_out_of_total_nouns']","{'final_estimator__C': 2, 'final_estimator__max_iter': 230, 'final_estimator__penalty': 'l2', 'final_estimator__solver': 'lbfgs', 'gb__learning_rate': 0.10336303363433628, 'gb__max_depth': 1, 'gb__min_samples_leaf': 1, 'gb__n_estimators': 120, 'gb__subsample': 0.6656128612012676, 'knn__leaf_size': 61, 'knn__n_neighbors': 13, 'log__C': 3, 'log__max_iter': 125, 'log__penalty': 'l2', 'log__solver': 'liblinear', 'mlp__alpha': 0.07008436141265575, 'mlp__hidden_layer_sizes': (100,), 'mlp__max_iter': 374, 'nb__var_smoothing': 5e-09, 'rf__criterion': 'log_loss', 'rf__max_depth': 63, 'rf__min_samples_leaf': 0.011642172716045276, 'rf__min_samples_split': 4, 'rf__n_estimators': 11, 'svm__C': 138.85652329864845, 'svm__gamma': 0.1}","{'log': 0.7658705434406368, 'rf': 0.7583419868466598, 'gb': 0.7806680512287989, 'svm': 0.7546728971962616, 'knn': 0.7621322256836276, 'mlp': 0.728539286950502, 'nb': 0.33449290411907234}",0.8055555555555556,0.8152600974383154,0.8055555555555556,0.7596732350830712,2025-02-15_20-31-55,C:/Users/thisi/OneDrive/共有ファイル/卒研B/データ最終版/2. 最終ファイルVIF主成分分析後 (2値sddis追加).csv
"(538, 45)",None,"['log', 'rf', 'gb', 'svm', 'knn', 'mlp', 'nb']",7,"['Maximum_duration_of_Visit', 'Number_of_Visits_per_character', 'Time_to_entry_saccade', 'Number_of_regression', 'extra_difficult_kanzi_words', 'Percentage_of_regular_difficulty_kanzi_words', 'Percentage_of_adnominal_modification_out_of_total_nouns']","{'final_estimator__C': 4, 'final_estimator__max_iter': 290, 'final_estimator__penalty': 'l2', 'final_estimator__solver': 'lbfgs', 'gb__learning_rate': 0.5744305031778698, 'gb__max_depth': 1, 'gb__min_samples_leaf': 9, 'gb__n_estimators': 112, 'gb__subsample': 0.7836054996912739, 'knn__leaf_size': 28, 'knn__n_neighbors': 3, 'log__C': 7, 'log__max_iter': 108, 'log__penalty': 'l2', 'log__solver': 'sag', 'mlp__alpha': 0.08859839353033777, 'mlp__hidden_layer_sizes': (100, 50), 'mlp__max_iter': 154, 'nb__var_smoothing': 5e-09, 'rf__criterion': 'gini', 'rf__max_depth': 38, 'rf__min_samples_leaf': 0.49548526579068974, 'rf__min_samples_split': 9, 'rf__n_estimators': 23, 'svm__C': 57.83659087392777, 'svm__gamma': 1}","{'log': 0.7640186915887851, 'rf': 0.7620976116303219, 'gb': 0.7471616476289372, 'svm': 0.7620976116303219, 'knn': 0.7397715472481827, 'mlp': 0.7323814468674281, 'nb': 0.33449290411907234}",0.7962962962962963,0.7805744520030236,0.7962962962962963,0.760082304526749,2025-02-15_20-33-52,C:/Users/thisi/OneDrive/共有ファイル/卒研B/データ最終版/2. 最終ファイルVIF主成分分析後 (2値sddis追加).csv
"(538, 45)",None,"['log', 'rf', 'gb', 'svm', 'knn', 'mlp', 'nb']",7,"['Maximum_duration_of_Visit', 'Number_of_Visits_per_character', 'Time_to_entry_saccade', 'Number_of_regression', 'extra_difficult_kanzi_words', 'Percentage_of_regular_difficulty_kanzi_words', 'Percentage_of_adnominal_modification_out_of_total_nouns']","{'final_estimator__C': 2, 'final_estimator__max_iter': 87, 'final_estimator__penalty': 'l2', 'final_estimator__solver': 'sag', 'gb__learning_rate': 0.3803510829880352, 'gb__max_depth': 5, 'gb__min_samples_leaf': 4, 'gb__n_estimators': 43, 'gb__subsample': 0.9187572256698595, 'knn__leaf_size': 67, 'knn__n_neighbors': 7, 'log__C': 2, 'log__max_iter': 150, 'log__penalty': 'l2', 'log__solver': 'liblinear', 'mlp__alpha': 0.06242558238087585, 'mlp__hidden_layer_sizes': (100, 50), 'mlp__max_iter': 57, 'nb__var_smoothing': 1e-09, 'rf__criterion': 'gini', 'rf__max_depth': 94, 'rf__min_samples_leaf': 0.4495013131901203, 'rf__min_samples_split': 4, 'rf__n_estimators': 24, 'svm__C': 110.51116973608917, 'svm__gamma': 1}","{'log': 0.7658705434406368, 'rf': 0.7620976116303219, 'gb': 0.7657840083073728, 'svm': 0.7620976116303219, 'knn': 0.7658359293873312, 'mlp': 0.7305469020422292, 'nb': 0.31966078227760475}",0.8055555555555556,0.8007856341189673,0.8055555555555556,0.7674647022713321,2025-02-15_20-35-15,C:/Users/thisi/OneDrive/共有ファイル/卒研B/データ最終版/2. 最終ファイルVIF主成分分析後 (2値sddis追加).csv
"(538, 45)",None,"['log', 'rf', 'gb', 'svm', 'knn', 'mlp', 'nb']",7,"['Maximum_duration_of_Visit', 'Number_of_Visits_per_character', 'Time_to_entry_saccade', 'Number_of_regression', 'extra_difficult_kanzi_words', 'Percentage_of_regular_difficulty_kanzi_words', 'Percentage_of_adnominal_modification_out_of_total_nouns']","{'final_estimator__C': 3, 'final_estimator__max_iter': 114, 'final_estimator__penalty': 'l2', 'final_estimator__solver': 'sag', 'gb__learning_rate': 0.3966099618625083, 'gb__max_depth': 14, 'gb__min_samples_leaf': 3, 'gb__n_estimators': 199, 'gb__subsample': 0.8518764219028993, 'knn__leaf_size': 62, 'knn__n_neighbors': 13, 'log__C': 5, 'log__max_iter': 229, 'log__penalty': 'l2', 'log__solver': 'sag', 'mlp__alpha': 0.00425728278753983, 'mlp__hidden_layer_sizes': (50,), 'mlp__max_iter': 367, 'nb__var_smoothing': 1e-08, 'rf__criterion': 'log_loss', 'rf__max_depth': 76, 'rf__min_samples_leaf': 0.2998208340999401, 'rf__min_samples_split': 3, 'rf__n_estimators': 11, 'svm__C': 66.01920301001347, 'svm__gamma': 1}","{'log': 0.7640186915887851, 'rf': 0.7620976116303219, 'gb': 0.7584112149532711, 'svm': 0.7620976116303219, 'knn': 0.7621322256836276, 'mlp': 0.7398580823814468, 'nb': 0.34006576670128075}",0.7870370370370371,0.7663673774784885,0.7870370370370371,0.7453184834400304,2025-02-15_20-37-34,C:/Users/thisi/OneDrive/共有ファイル/卒研B/データ最終版/2. 最終ファイルVIF主成分分析後 (2値sddis追加).csv
"(538, 45)",None,"['log', 'rf', 'gb', 'svm', 'knn', 'mlp', 'nb']",7,"['Maximum_duration_of_Visit', 'Number_of_Visits_per_character', 'Time_to_entry_saccade', 'Number_of_regression', 'extra_difficult_kanzi_words', 'Percentage_of_regular_difficulty_kanzi_words', 'Percentage_of_adnominal_modification_out_of_total_nouns']","{'final_estimator__C': 6, 'final_estimator__max_iter': 76, 'final_estimator__penalty': 'l2', 'final_estimator__solver': 'liblinear', 'gb__learning_rate': 0.15211108545453855, 'gb__max_depth': 9, 'gb__min_samples_leaf': 2, 'gb__n_estimators': 258, 'gb__subsample': 0.8958858500830728, 'knn__leaf_size': 43, 'knn__n_neighbors': 14, 'log__C': 1, 'log__max_iter': 258, 'log__penalty': 'l2', 'log__solver': 'lbfgs', 'mlp__alpha': 0.09689040811889424, 'mlp__hidden_layer_sizes': (50,), 'mlp__max_iter': 328, 'nb__var_smoothing': 1e-08, 'rf__criterion': 'gini', 'rf__max_depth': 13, 'rf__min_samples_leaf': 0.9608071582603289, 'rf__min_samples_split': 9, 'rf__n_estimators': 11, 'svm__C': 141.50603551605025, 'svm__gamma': 0.1}","{'log': 0.7640186915887851, 'rf': 0.7620976116303219, 'gb': 0.7621322256836276, 'svm': 0.7546728971962616, 'knn': 0.7583939079266182, 'mlp': 0.7491000346140533, 'nb': 0.34006576670128075}",0.7870370370370371,0.7733511446382734,0.7870370370370371,0.7367849717576492,2025-02-15_20-40-38,C:/Users/thisi/OneDrive/共有ファイル/卒研B/データ最終版/2. 最終ファイルVIF主成分分析後 (2値sddis追加).csv
"(538, 45)",None,"['log', 'rf', 'gb', 'svm', 'knn', 'mlp', 'nb']",7,"['Maximum_duration_of_Visit', 'Number_of_Visits_per_character', 'Time_to_entry_saccade', 'Number_of_regression', 'extra_difficult_kanzi_words', 'Percentage_of_regular_difficulty_kanzi_words', 'Percentage_of_adnominal_modification_out_of_total_nouns']","{'final_estimator__C': 4, 'final_estimator__max_iter': 161, 'final_estimator__penalty': 'l2', 'final_estimator__solver': 'lbfgs', 'gb__learning_rate': 0.6841336150663453, 'gb__max_depth': 13, 'gb__min_samples_leaf': 2, 'gb__n_estimators': 41, 'gb__subsample': 0.7835766785825657, 'knn__leaf_size': 37, 'knn__n_neighbors': 4, 'log__C': 7, 'log__max_iter': 114, 'log__penalty': 'l2', 'log__solver': 'lbfgs', 'mlp__alpha': 0.06129433411110109, 'mlp__hidden_layer_sizes': (100, 50), 'mlp__max_iter': 226, 'nb__var_smoothing': 5e-09, 'rf__criterion': 'log_loss', 'rf__max_depth': 81, 'rf__min_samples_leaf': 0.42118254597473415, 'rf__min_samples_split': 9, 'rf__n_estimators': 21, 'svm__C': 127.96644854779875, 'svm__gamma': 0.1}","{'log': 0.7621495327102804, 'rf': 0.7620976116303219, 'gb': 0.7584458290065766, 'svm': 0.7546728971962616, 'knn': 0.7547075112495673, 'mlp': 0.7268085842852198, 'nb': 0.33449290411907234}",0.7962962962962963,0.7879629629629631,0.7962962962962963,0.7524479877421053,2025-02-15_20-43-37,C:/Users/thisi/OneDrive/共有ファイル/卒研B/データ最終版/2. 最終ファイルVIF主成分分析後 (2値sddis追加).csv
"(538, 45)",None,"['log', 'rf', 'gb', 'svm', 'knn', 'mlp', 'nb']",7,"['Maximum_duration_of_Visit', 'Number_of_Visits_per_character', 'Time_to_entry_saccade', 'Number_of_regression', 'extra_difficult_kanzi_words', 'Percentage_of_regular_difficulty_kanzi_words', 'Percentage_of_adnominal_modification_out_of_total_nouns']","{'final_estimator__C': 6, 'final_estimator__max_iter': 196, 'final_estimator__penalty': 'l2', 'final_estimator__solver': 'sag', 'gb__learning_rate': 0.06508483210578596, 'gb__max_depth': 4, 'gb__min_samples_leaf': 2, 'gb__n_estimators': 46, 'gb__subsample': 0.5133076835730321, 'knn__leaf_size': 33, 'knn__n_neighbors': 13, 'log__C': 9, 'log__max_iter': 174, 'log__penalty': 'l2', 'log__solver': 'liblinear', 'mlp__alpha': 0.047925664023283694, 'mlp__hidden_layer_sizes': (100,), 'mlp__max_iter': 13, 'nb__var_smoothing': 1e-08, 'rf__criterion': 'gini', 'rf__max_depth': 81, 'rf__min_samples_leaf': 0.6577718898098525, 'rf__min_samples_split': 2, 'rf__n_estimators': 13, 'svm__C': 54.096981759514364, 'svm__gamma': 'auto'}","{'log': 0.7621495327102804, 'rf': 0.7620976116303219, 'gb': 0.7825199030806507, 'svm': 0.7119591554170993, 'knn': 0.7621322256836276, 'mlp': 0.7528210453444097, 'nb': 0.34006576670128075}",0.7962962962962963,0.7879629629629631,0.7962962962962963,0.7524479877421053,2025-02-15_20-46-14,C:/Users/thisi/OneDrive/共有ファイル/卒研B/データ最終版/2. 最終ファイルVIF主成分分析後 (2値sddis追加).csv
"(538, 45)",None,"['log', 'rf', 'gb', 'svm', 'knn', 'mlp', 'nb']",7,"['Maximum_duration_of_Visit', 'Number_of_Visits_per_character', 'Time_to_entry_saccade', 'Number_of_regression', 'extra_difficult_kanzi_words', 'Percentage_of_regular_difficulty_kanzi_words', 'Percentage_of_adnominal_modification_out_of_total_nouns']","{'final_estimator__C': 7, 'final_estimator__max_iter': 136, 'final_estimator__penalty': 'l2', 'final_estimator__solver': 'liblinear', 'gb__learning_rate': 0.5106968045476531, 'gb__max_depth': 3, 'gb__min_samples_leaf': 7, 'gb__n_estimators': 110, 'gb__subsample': 0.5485884664386846, 'knn__leaf_size': 10, 'knn__n_neighbors': 2, 'log__C': 6, 'log__max_iter': 168, 'log__penalty': 'l2', 'log__solver': 'lbfgs', 'mlp__alpha': 0.09108386663323499, 'mlp__hidden_layer_sizes': (50,), 'mlp__max_iter': 448, 'nb__var_smoothing': 1e-09, 'rf__criterion': 'log_loss', 'rf__max_depth': 98, 'rf__min_samples_leaf': 0.9047430739278908, 'rf__min_samples_split': 7, 'rf__n_estimators': 15, 'svm__C': 34.992799862181975, 'svm__gamma': 0.1}","{'log': 0.7621495327102804, 'rf': 0.7620976116303219, 'gb': 0.7267393561786086, 'svm': 0.7546728971962616, 'knn': 0.758324679820007, 'mlp': 0.7416233991000346, 'nb': 0.31966078227760475}",0.8055555555555556,0.8152600974383154,0.8055555555555556,0.7596732350830712,2025-02-15_20-48-40,C:/Users/thisi/OneDrive/共有ファイル/卒研B/データ最終版/2. 最終ファイルVIF主成分分析後 (2値sddis追加).csv
"(538, 45)",None,"['log', 'rf', 'gb', 'svm', 'knn', 'mlp', 'nb']",7,"['Maximum_duration_of_Visit', 'Number_of_Visits_per_character', 'Time_to_entry_saccade', 'Number_of_regression', 'extra_difficult_kanzi_words', 'Percentage_of_regular_difficulty_kanzi_words', 'Percentage_of_adnominal_modification_out_of_total_nouns']","{'final_estimator__C': 9, 'final_estimator__max_iter': 51, 'final_estimator__penalty': 'l2', 'final_estimator__solver': 'sag', 'gb__learning_rate': 0.09825354002927399, 'gb__max_depth': 8, 'gb__min_samples_leaf': 8, 'gb__n_estimators': 99, 'gb__subsample': 0.5819000600183452, 'knn__leaf_size': 55, 'knn__n_neighbors': 3, 'log__C': 3, 'log__max_iter': 28, 'log__penalty': 'l2', 'log__solver': 'liblinear', 'mlp__alpha': 0.08314545527526851, 'mlp__hidden_layer_sizes': (100, 50), 'mlp__max_iter': 395, 'nb__var_smoothing': 1e-08, 'rf__criterion': 'log_loss', 'rf__max_depth': 38, 'rf__min_samples_leaf': 0.23421247062478112, 'rf__min_samples_split': 9, 'rf__n_estimators': 23, 'svm__C': 65.3232973651567, 'svm__gamma': 5}","{'log': 0.7658705434406368, 'rf': 0.7620976116303219, 'gb': 0.7768951194184839, 'svm': 0.7620976116303219, 'knn': 0.7397715472481827, 'mlp': 0.7231048805815161, 'nb': 0.34006576670128075}",0.7962962962962963,0.7805744520030236,0.7962962962962963,0.760082304526749,2025-02-15_20-51-30,C:/Users/thisi/OneDrive/共有ファイル/卒研B/データ最終版/2. 最終ファイルVIF主成分分析後 (2値sddis追加).csv
"(538, 45)",None,"['log', 'rf', 'gb', 'svm', 'knn', 'mlp', 'nb']",7,"['Maximum_duration_of_Visit', 'Number_of_Visits_per_character', 'Time_to_entry_saccade', 'Number_of_regression', 'extra_difficult_kanzi_words', 'Percentage_of_regular_difficulty_kanzi_words', 'Percentage_of_adnominal_modification_out_of_total_nouns']","{'final_estimator__C': 5, 'final_estimator__max_iter': 201, 'final_estimator__penalty': 'l2', 'final_estimator__solver': 'sag', 'gb__learning_rate': 0.299496303791875, 'gb__max_depth': 5, 'gb__min_samples_leaf': 4, 'gb__n_estimators': 119, 'gb__subsample': 0.7779636927711541, 'knn__leaf_size': 47, 'knn__n_neighbors': 2, 'log__C': 3, 'log__max_iter': 113, 'log__penalty': 'l2', 'log__solver': 'liblinear', 'mlp__alpha': 0.05906541586080965, 'mlp__hidden_layer_sizes': (100,), 'mlp__max_iter': 324, 'nb__var_smoothing': 5e-09, 'rf__criterion': 'gini', 'rf__max_depth': 85, 'rf__min_samples_leaf': 0.6788315301334208, 'rf__min_samples_split': 2, 'rf__n_estimators': 10, 'svm__C': 11.446920310240412, 'svm__gamma': 0.001}","{'log': 0.7658705434406368, 'rf': 0.7620976116303219, 'gb': 0.7583766008999653, 'svm': 0.7677050882658359, 'knn': 0.758324679820007, 'mlp': 0.7341813776393215, 'nb': 0.33449290411907234}",0.8055555555555556,0.7934499635530563,0.8055555555555556,0.774288254735182,2025-02-15_20-53-24,C:/Users/thisi/OneDrive/共有ファイル/卒研B/データ最終版/2. 最終ファイルVIF主成分分析後 (2値sddis追加).csv
"(538, 45)",None,"['log', 'rf', 'gb', 'svm', 'knn', 'mlp', 'nb']",7,"['Maximum_duration_of_Visit', 'Number_of_Visits_per_character', 'Time_to_entry_saccade', 'Number_of_regression', 'extra_difficult_kanzi_words', 'Percentage_of_regular_difficulty_kanzi_words', 'Percentage_of_adnominal_modification_out_of_total_nouns']","{'final_estimator__C': 9, 'final_estimator__max_iter': 170, 'final_estimator__penalty': 'l2', 'final_estimator__solver': 'lbfgs', 'gb__learning_rate': 0.9797427120239981, 'gb__max_depth': 6, 'gb__min_samples_leaf': 5, 'gb__n_estimators': 186, 'gb__subsample': 0.8426550027332561, 'knn__leaf_size': 94, 'knn__n_neighbors': 12, 'log__C': 8, 'log__max_iter': 284, 'log__penalty': 'l2', 'log__solver': 'sag', 'mlp__alpha': 0.008002950509210372, 'mlp__hidden_layer_sizes': (100,), 'mlp__max_iter': 461, 'nb__var_smoothing': 1e-09, 'rf__criterion': 'log_loss', 'rf__max_depth': 36, 'rf__min_samples_leaf': 0.09373140668136058, 'rf__min_samples_split': 9, 'rf__n_estimators': 29, 'svm__C': 76.90861447022674, 'svm__gamma': 0.1}","{'log': 0.7621495327102804, 'rf': 0.7602284527518173, 'gb': 0.672326064382139, 'svm': 0.7546728971962616, 'knn': 0.7639667705088266, 'mlp': 0.7267393561786086, 'nb': 0.31966078227760475}",0.8148148148148148,0.8256481481481481,0.8148148148148148,0.7749527161291866,2025-02-15_20-56-05,C:/Users/thisi/OneDrive/共有ファイル/卒研B/データ最終版/2. 最終ファイルVIF主成分分析後 (2値sddis追加).csv
"(538, 45)",None,"['log', 'rf', 'gb', 'svm', 'knn', 'mlp', 'nb']",7,"['Maximum_duration_of_Visit', 'Number_of_Visits_per_character', 'Time_to_entry_saccade', 'Number_of_regression', 'extra_difficult_kanzi_words', 'Percentage_of_regular_difficulty_kanzi_words', 'Percentage_of_adnominal_modification_out_of_total_nouns']","{'final_estimator__C': 9, 'final_estimator__max_iter': 82, 'final_estimator__penalty': 'l2', 'final_estimator__solver': 'lbfgs', 'gb__learning_rate': 0.7993725602180268, 'gb__max_depth': 7, 'gb__min_samples_leaf': 2, 'gb__n_estimators': 288, 'gb__subsample': 0.6986437535851047, 'knn__leaf_size': 90, 'knn__n_neighbors': 6, 'log__C': 4, 'log__max_iter': 24, 'log__penalty': 'l2', 'log__solver': 'liblinear', 'mlp__alpha': 0.0011285700532849164, 'mlp__hidden_layer_sizes': (100,), 'mlp__max_iter': 101, 'nb__var_smoothing': 1e-08, 'rf__criterion': 'log_loss', 'rf__max_depth': 65, 'rf__min_samples_leaf': 0.430103554589757, 'rf__min_samples_split': 7, 'rf__n_estimators': 11, 'svm__C': 149.907311415567, 'svm__gamma': 5}","{'log': 0.7658705434406368, 'rf': 0.7620976116303219, 'gb': 0.713637937002423, 'svm': 0.7620976116303219, 'knn': 0.7565420560747663, 'mlp': 0.7435271720318448, 'nb': 0.34006576670128075}",0.7962962962962963,0.7805744520030236,0.7962962962962963,0.760082304526749,2025-02-15_20-58-17,C:/Users/thisi/OneDrive/共有ファイル/卒研B/データ最終版/2. 最終ファイルVIF主成分分析後 (2値sddis追加).csv
"(538, 45)",None,"['log', 'rf', 'gb', 'svm', 'knn', 'mlp', 'nb']",7,"['Maximum_duration_of_Visit', 'Number_of_Visits_per_character', 'Time_to_entry_saccade', 'Number_of_regression', 'extra_difficult_kanzi_words', 'Percentage_of_regular_difficulty_kanzi_words', 'Percentage_of_adnominal_modification_out_of_total_nouns']","{'final_estimator__C': 9, 'final_estimator__max_iter': 215, 'final_estimator__penalty': 'l2', 'final_estimator__solver': 'liblinear', 'gb__learning_rate': 0.7913844426034005, 'gb__max_depth': 19, 'gb__min_samples_leaf': 2, 'gb__n_estimators': 234, 'gb__subsample': 0.7256229824075504, 'knn__leaf_size': 76, 'knn__n_neighbors': 3, 'log__C': 5, 'log__max_iter': 126, 'log__penalty': 'l2', 'log__solver': 'lbfgs', 'mlp__alpha': 0.07965946473535244, 'mlp__hidden_layer_sizes': (100, 50), 'mlp__max_iter': 76, 'nb__var_smoothing': 1e-09, 'rf__criterion': 'log_loss', 'rf__max_depth': 79, 'rf__min_samples_leaf': 0.40308983291546396, 'rf__min_samples_split': 8, 'rf__n_estimators': 13, 'svm__C': 46.58797654680814, 'svm__gamma': 0.001}","{'log': 0.7640186915887851, 'rf': 0.7620976116303219, 'gb': 0.6297334717895466, 'svm': 0.7677050882658359, 'knn': 0.7397715472481827, 'mlp': 0.728625822083766, 'nb': 0.31966078227760475}",0.8148148148148148,0.8053626543209875,0.8148148148148148,0.7879843178483036,2025-02-15_21-00-27,C:/Users/thisi/OneDrive/共有ファイル/卒研B/データ最終版/2. 最終ファイルVIF主成分分析後 (2値sddis追加).csv
"(538, 45)",None,"['log', 'rf', 'gb', 'svm', 'knn', 'mlp', 'nb']",7,"['Maximum_duration_of_Visit', 'Number_of_Visits_per_character', 'Time_to_entry_saccade', 'Number_of_regression', 'extra_difficult_kanzi_words', 'Percentage_of_regular_difficulty_kanzi_words', 'Percentage_of_adnominal_modification_out_of_total_nouns']","{'final_estimator__C': 9, 'final_estimator__max_iter': 166, 'final_estimator__penalty': 'l2', 'final_estimator__solver': 'lbfgs', 'gb__learning_rate': 0.5650533734236332, 'gb__max_depth': 14, 'gb__min_samples_leaf': 4, 'gb__n_estimators': 166, 'gb__subsample': 0.9245563482984929, 'knn__leaf_size': 31, 'knn__n_neighbors': 13, 'log__C': 8, 'log__max_iter': 298, 'log__penalty': 'l2', 'log__solver': 'sag', 'mlp__alpha': 0.029493597470178847, 'mlp__hidden_layer_sizes': (50,), 'mlp__max_iter': 371, 'nb__var_smoothing': 1e-08, 'rf__criterion': 'log_loss', 'rf__max_depth': 12, 'rf__min_samples_leaf': 0.9549882256975051, 'rf__min_samples_split': 5, 'rf__n_estimators': 28, 'svm__C': 112.2342298115036, 'svm__gamma': 1}","{'log': 0.7621495327102804, 'rf': 0.7620976116303219, 'gb': 0.7658532364139841, 'svm': 0.7620976116303219, 'knn': 0.7621322256836276, 'mlp': 0.739840775354794, 'nb': 0.34006576670128075}",0.8055555555555556,0.7934499635530563,0.8055555555555556,0.774288254735182,2025-02-15_21-02-53,C:/Users/thisi/OneDrive/共有ファイル/卒研B/データ最終版/2. 最終ファイルVIF主成分分析後 (2値sddis追加).csv
"(538, 45)",None,"['log', 'rf', 'gb', 'svm', 'knn', 'mlp', 'nb']",7,"['Maximum_duration_of_Visit', 'Number_of_Visits_per_character', 'Time_to_entry_saccade', 'Number_of_regression', 'extra_difficult_kanzi_words', 'Percentage_of_regular_difficulty_kanzi_words', 'Percentage_of_adnominal_modification_out_of_total_nouns']","{'final_estimator__C': 9, 'final_estimator__max_iter': 233, 'final_estimator__penalty': 'l2', 'final_estimator__solver': 'liblinear', 'gb__learning_rate': 0.8715719444525364, 'gb__max_depth': 4, 'gb__min_samples_leaf': 9, 'gb__n_estimators': 270, 'gb__subsample': 0.9016265075525981, 'knn__leaf_size': 34, 'knn__n_neighbors': 5, 'log__C': 2, 'log__max_iter': 90, 'log__penalty': 'l2', 'log__solver': 'liblinear', 'mlp__alpha': 0.046794084268047806, 'mlp__hidden_layer_sizes': (100,), 'mlp__max_iter': 14, 'nb__var_smoothing': 5e-09, 'rf__criterion': 'log_loss', 'rf__max_depth': 56, 'rf__min_samples_leaf': 0.8268056224406087, 'rf__min_samples_split': 8, 'rf__n_estimators': 20, 'svm__C': 13.987043516624626, 'svm__gamma': 1}","{'log': 0.7658705434406368, 'rf': 0.7620976116303219, 'gb': 0.7452924887504327, 'svm': 0.7620976116303219, 'knn': 0.747196261682243, 'mlp': 0.752803738317757, 'nb': 0.33449290411907234}",0.7962962962962963,0.8035584604212055,0.7962962962962963,0.7437097423510467,2025-02-15_21-05-16,C:/Users/thisi/OneDrive/共有ファイル/卒研B/データ最終版/2. 最終ファイルVIF主成分分析後 (2値sddis追加).csv
"(538, 45)",None,"['log', 'rf', 'gb', 'svm', 'knn', 'mlp', 'nb']",7,"['Maximum_duration_of_Visit', 'Number_of_Visits_per_character', 'Time_to_entry_saccade', 'Number_of_regression', 'extra_difficult_kanzi_words', 'Percentage_of_regular_difficulty_kanzi_words', 'Percentage_of_adnominal_modification_out_of_total_nouns']","{'final_estimator__C': 4, 'final_estimator__max_iter': 90, 'final_estimator__penalty': 'l2', 'final_estimator__solver': 'sag', 'gb__learning_rate': 0.05904214530124929, 'gb__max_depth': 15, 'gb__min_samples_leaf': 5, 'gb__n_estimators': 37, 'gb__subsample': 0.7579745858651852, 'knn__leaf_size': 16, 'knn__n_neighbors': 12, 'log__C': 3, 'log__max_iter': 98, 'log__penalty': 'l2', 'log__solver': 'liblinear', 'mlp__alpha': 0.02691341704457381, 'mlp__hidden_layer_sizes': (50,), 'mlp__max_iter': 124, 'nb__var_smoothing': 5e-09, 'rf__criterion': 'gini', 'rf__max_depth': 83, 'rf__min_samples_leaf': 0.7886879043633301, 'rf__min_samples_split': 5, 'rf__n_estimators': 14, 'svm__C': 145.19152400607896, 'svm__gamma': 'scale'}","{'log': 0.7658705434406368, 'rf': 0.7620976116303219, 'gb': 0.7675493250259605, 'svm': 0.7138110072689512, 'knn': 0.7639667705088266, 'mlp': 0.7416580131533401, 'nb': 0.33449290411907234}",0.7870370370370371,0.7733511446382734,0.7870370370370371,0.7367849717576492,2025-02-15_21-06-38,C:/Users/thisi/OneDrive/共有ファイル/卒研B/データ最終版/2. 最終ファイルVIF主成分分析後 (2値sddis追加).csv
"(538, 45)",None,"['log', 'rf', 'gb', 'svm', 'knn', 'mlp', 'nb']",7,"['Maximum_duration_of_Visit', 'Number_of_Visits_per_character', 'Time_to_entry_saccade', 'Number_of_regression', 'extra_difficult_kanzi_words', 'Percentage_of_regular_difficulty_kanzi_words', 'Percentage_of_adnominal_modification_out_of_total_nouns']","{'final_estimator__C': 9, 'final_estimator__max_iter': 280, 'final_estimator__penalty': 'l2', 'final_estimator__solver': 'lbfgs', 'gb__learning_rate': 0.04614767656934437, 'gb__max_depth': 4, 'gb__min_samples_leaf': 3, 'gb__n_estimators': 251, 'gb__subsample': 0.8022718939646168, 'knn__leaf_size': 73, 'knn__n_neighbors': 14, 'log__C': 7, 'log__max_iter': 142, 'log__penalty': 'l2', 'log__solver': 'lbfgs', 'mlp__alpha': 0.013424051925174773, 'mlp__hidden_layer_sizes': (100, 50), 'mlp__max_iter': 94, 'nb__var_smoothing': 1e-09, 'rf__criterion': 'gini', 'rf__max_depth': 57, 'rf__min_samples_leaf': 0.29204171337548734, 'rf__min_samples_split': 7, 'rf__n_estimators': 15, 'svm__C': 74.93154581574727, 'svm__gamma': 0.01}","{'log': 0.7621495327102804, 'rf': 0.7620976116303219, 'gb': 0.7713914849428868, 'svm': 0.7119245413637937, 'knn': 0.7583939079266182, 'mlp': 0.738006230529595, 'nb': 0.31966078227760475}",0.8055555555555556,0.8007856341189673,0.8055555555555556,0.7674647022713321,2025-02-15_21-08-38,C:/Users/thisi/OneDrive/共有ファイル/卒研B/データ最終版/2. 最終ファイルVIF主成分分析後 (2値sddis追加).csv
"(538, 45)",None,"['log', 'rf', 'gb', 'svm', 'knn', 'mlp', 'nb']",7,"['Maximum_duration_of_Visit', 'Number_of_Visits_per_character', 'Time_to_entry_saccade', 'Number_of_regression', 'extra_difficult_kanzi_words', 'Percentage_of_regular_difficulty_kanzi_words', 'Percentage_of_adnominal_modification_out_of_total_nouns']","{'final_estimator__C': 5, 'final_estimator__max_iter': 272, 'final_estimator__penalty': 'l2', 'final_estimator__solver': 'lbfgs', 'gb__learning_rate': 0.10588460991804115, 'gb__max_depth': 4, 'gb__min_samples_leaf': 7, 'gb__n_estimators': 166, 'gb__subsample': 0.9603881621748743, 'knn__leaf_size': 99, 'knn__n_neighbors': 7, 'log__C': 1, 'log__max_iter': 108, 'log__penalty': 'l2', 'log__solver': 'liblinear', 'mlp__alpha': 0.024823899946825757, 'mlp__hidden_layer_sizes': (100,), 'mlp__max_iter': 418, 'nb__var_smoothing': 1e-08, 'rf__criterion': 'log_loss', 'rf__max_depth': 98, 'rf__min_samples_leaf': 0.7189554138061319, 'rf__min_samples_split': 6, 'rf__n_estimators': 16, 'svm__C': 126.50252288650587, 'svm__gamma': 0.01}","{'log': 0.7658705434406368, 'rf': 0.7620976116303219, 'gb': 0.7639840775354794, 'svm': 0.7101073035652475, 'knn': 0.7658359293873312, 'mlp': 0.7341467635860159, 'nb': 0.34006576670128075}",0.8148148148148148,0.8256481481481481,0.8148148148148148,0.7749527161291866,2025-02-15_21-10-31,C:/Users/thisi/OneDrive/共有ファイル/卒研B/データ最終版/2. 最終ファイルVIF主成分分析後 (2値sddis追加).csv
"(538, 45)",None,"['log', 'rf', 'gb', 'svm', 'knn', 'mlp', 'nb']",7,"['Maximum_duration_of_Visit', 'Number_of_Visits_per_character', 'Time_to_entry_saccade', 'Number_of_regression', 'extra_difficult_kanzi_words', 'Percentage_of_regular_difficulty_kanzi_words', 'Percentage_of_adnominal_modification_out_of_total_nouns']","{'final_estimator__C': 4, 'final_estimator__max_iter': 250, 'final_estimator__penalty': 'l2', 'final_estimator__solver': 'lbfgs', 'gb__learning_rate': 0.1949884894897025, 'gb__max_depth': 9, 'gb__min_samples_leaf': 8, 'gb__n_estimators': 100, 'gb__subsample': 0.6671392031000563, 'knn__leaf_size': 16, 'knn__n_neighbors': 13, 'log__C': 2, 'log__max_iter': 214, 'log__penalty': 'l2', 'log__solver': 'sag', 'mlp__alpha': 0.08850321823721048, 'mlp__hidden_layer_sizes': (100,), 'mlp__max_iter': 31, 'nb__var_smoothing': 1e-09, 'rf__criterion': 'entropy', 'rf__max_depth': 80, 'rf__min_samples_leaf': 0.4291212279977419, 'rf__min_samples_split': 4, 'rf__n_estimators': 11, 'svm__C': 9.771315858579023, 'svm__gamma': 1}","{'log': 0.7658705434406368, 'rf': 0.7620976116303219, 'gb': 0.7545690550363447, 'svm': 0.7620976116303219, 'knn': 0.7621322256836276, 'mlp': 0.7491000346140533, 'nb': 0.31966078227760475}",0.7962962962962963,0.7805744520030236,0.7962962962962963,0.760082304526749,2025-02-15_21-11-37,C:/Users/thisi/OneDrive/共有ファイル/卒研B/データ最終版/2. 最終ファイルVIF主成分分析後 (2値sddis追加).csv
"(538, 45)",None,"['log', 'rf', 'gb', 'svm', 'knn', 'mlp', 'nb']",7,"['Maximum_duration_of_Visit', 'Number_of_Visits_per_character', 'Time_to_entry_saccade', 'Number_of_regression', 'extra_difficult_kanzi_words', 'Percentage_of_regular_difficulty_kanzi_words', 'Percentage_of_adnominal_modification_out_of_total_nouns']","{'final_estimator__C': 5, 'final_estimator__max_iter': 163, 'final_estimator__penalty': 'l2', 'final_estimator__solver': 'liblinear', 'gb__learning_rate': 0.564985819733695, 'gb__max_depth': 4, 'gb__min_samples_leaf': 5, 'gb__n_estimators': 18, 'gb__subsample': 0.8150749204317322, 'knn__leaf_size': 49, 'knn__n_neighbors': 6, 'log__C': 2, 'log__max_iter': 232, 'log__penalty': 'l2', 'log__solver': 'liblinear', 'mlp__alpha': 0.008454502294594556, 'mlp__hidden_layer_sizes': (50,), 'mlp__max_iter': 272, 'nb__var_smoothing': 1e-08, 'rf__criterion': 'entropy', 'rf__max_depth': 2, 'rf__min_samples_leaf': 0.09865397922675455, 'rf__min_samples_split': 5, 'rf__n_estimators': 25, 'svm__C': 70.80290469263235, 'svm__gamma': 5}","{'log': 0.7658705434406368, 'rf': 0.7620976116303219, 'gb': 0.7379716164762893, 'svm': 0.7620976116303219, 'knn': 0.7565420560747663, 'mlp': 0.7342506057459328, 'nb': 0.34006576670128075}",0.8148148148148148,0.8256481481481481,0.8148148148148148,0.7749527161291866,2025-02-15_21-13-01,C:/Users/thisi/OneDrive/共有ファイル/卒研B/データ最終版/2. 最終ファイルVIF主成分分析後 (2値sddis追加).csv
"(538, 45)",None,"['log', 'rf', 'gb', 'svm', 'knn', 'mlp', 'nb']",7,"['Maximum_duration_of_Visit', 'Number_of_Visits_per_character', 'Time_to_entry_saccade', 'Number_of_regression', 'extra_difficult_kanzi_words', 'Percentage_of_regular_difficulty_kanzi_words', 'Percentage_of_adnominal_modification_out_of_total_nouns']","{'final_estimator__C': 7, 'final_estimator__max_iter': 62, 'final_estimator__penalty': 'l2', 'final_estimator__solver': 'liblinear', 'gb__learning_rate': 0.4995210483183816, 'gb__max_depth': 8, 'gb__min_samples_leaf': 7, 'gb__n_estimators': 250, 'gb__subsample': 0.6956654273685935, 'knn__leaf_size': 18, 'knn__n_neighbors': 2, 'log__C': 7, 'log__max_iter': 42, 'log__penalty': 'l2', 'log__solver': 'sag', 'mlp__alpha': 0.07538596968582824, 'mlp__hidden_layer_sizes': (100,), 'mlp__max_iter': 273, 'nb__var_smoothing': 1e-08, 'rf__criterion': 'log_loss', 'rf__max_depth': 50, 'rf__min_samples_leaf': 0.7420013144062425, 'rf__min_samples_split': 4, 'rf__n_estimators': 20, 'svm__C': 22.512107623577734, 'svm__gamma': 5}","{'log': 0.7602803738317757, 'rf': 0.7620976116303219, 'gb': 0.758307372793354, 'svm': 0.7620976116303219, 'knn': 0.758324679820007, 'mlp': 0.7322776047075112, 'nb': 0.34006576670128075}",0.7962962962962963,0.7879629629629631,0.7962962962962963,0.7524479877421053,2025-02-15_21-15-09,C:/Users/thisi/OneDrive/共有ファイル/卒研B/データ最終版/2. 最終ファイルVIF主成分分析後 (2値sddis追加).csv
"(538, 45)",None,"['log', 'rf', 'gb', 'svm', 'knn', 'mlp', 'nb']",7,"['Maximum_duration_of_Visit', 'Number_of_Visits_per_character', 'Time_to_entry_saccade', 'Number_of_regression', 'extra_difficult_kanzi_words', 'Percentage_of_regular_difficulty_kanzi_words', 'Percentage_of_adnominal_modification_out_of_total_nouns']","{'final_estimator__C': 9, 'final_estimator__max_iter': 272, 'final_estimator__penalty': 'l2', 'final_estimator__solver': 'sag', 'gb__learning_rate': 0.2344137471754273, 'gb__max_depth': 6, 'gb__min_samples_leaf': 1, 'gb__n_estimators': 16, 'gb__subsample': 0.7823078811897438, 'knn__leaf_size': 64, 'knn__n_neighbors': 11, 'log__C': 2, 'log__max_iter': 97, 'log__penalty': 'l2', 'log__solver': 'sag', 'mlp__alpha': 0.07015968143903352, 'mlp__hidden_layer_sizes': (100, 50), 'mlp__max_iter': 231, 'nb__var_smoothing': 5e-09, 'rf__criterion': 'entropy', 'rf__max_depth': 5, 'rf__min_samples_leaf': 0.07674945786468267, 'rf__min_samples_split': 7, 'rf__n_estimators': 24, 'svm__C': 143.15377309393045, 'svm__gamma': 'auto'}","{'log': 0.7658705434406368, 'rf': 0.7620803046036692, 'gb': 0.7509345794392523, 'svm': 0.7119591554170993, 'knn': 0.7621149186569747, 'mlp': 0.7286604361370717, 'nb': 0.33449290411907234}",0.8055555555555556,0.8152600974383154,0.8055555555555556,0.7596732350830712,2025-02-15_21-16-49,C:/Users/thisi/OneDrive/共有ファイル/卒研B/データ最終版/2. 最終ファイルVIF主成分分析後 (2値sddis追加).csv
"(538, 45)",None,"['log', 'rf', 'gb', 'svm', 'knn', 'mlp', 'nb']",7,"['Maximum_duration_of_Visit', 'Number_of_Visits_per_character', 'Time_to_entry_saccade', 'Number_of_regression', 'extra_difficult_kanzi_words', 'Percentage_of_regular_difficulty_kanzi_words', 'Percentage_of_adnominal_modification_out_of_total_nouns']","{'final_estimator__C': 4, 'final_estimator__max_iter': 204, 'final_estimator__penalty': 'l2', 'final_estimator__solver': 'lbfgs', 'gb__learning_rate': 0.9249204547360337, 'gb__max_depth': 17, 'gb__min_samples_leaf': 6, 'gb__n_estimators': 34, 'gb__subsample': 0.8833807728726202, 'knn__leaf_size': 12, 'knn__n_neighbors': 12, 'log__C': 2, 'log__max_iter': 194, 'log__penalty': 'l2', 'log__solver': 'liblinear', 'mlp__alpha': 0.0664143319129743, 'mlp__hidden_layer_sizes': (100, 50), 'mlp__max_iter': 448, 'nb__var_smoothing': 1e-08, 'rf__criterion': 'gini', 'rf__max_depth': 86, 'rf__min_samples_leaf': 0.335566716994249, 'rf__min_samples_split': 4, 'rf__n_estimators': 22, 'svm__C': 25.481822734858124, 'svm__gamma': 5}","{'log': 0.7658705434406368, 'rf': 0.7620976116303219, 'gb': 0.7621668397369332, 'svm': 0.7620976116303219, 'knn': 0.7639667705088266, 'mlp': 0.7231048805815161, 'nb': 0.34006576670128075}",0.8055555555555556,0.8007856341189673,0.8055555555555556,0.7674647022713321,2025-02-15_21-19-42,C:/Users/thisi/OneDrive/共有ファイル/卒研B/データ最終版/2. 最終ファイルVIF主成分分析後 (2値sddis追加).csv
"(538, 45)",None,"['log', 'rf', 'gb', 'svm', 'knn', 'mlp', 'nb']",7,"['Maximum_duration_of_Visit', 'Number_of_Visits_per_character', 'Time_to_entry_saccade', 'Number_of_regression', 'extra_difficult_kanzi_words', 'Percentage_of_regular_difficulty_kanzi_words', 'Percentage_of_adnominal_modification_out_of_total_nouns']","{'final_estimator__C': 6, 'final_estimator__max_iter': 261, 'final_estimator__penalty': 'l2', 'final_estimator__solver': 'sag', 'gb__learning_rate': 0.7304580724921708, 'gb__max_depth': 1, 'gb__min_samples_leaf': 1, 'gb__n_estimators': 78, 'gb__subsample': 0.7888260516243665, 'knn__leaf_size': 14, 'knn__n_neighbors': 12, 'log__C': 4, 'log__max_iter': 68, 'log__penalty': 'l2', 'log__solver': 'lbfgs', 'mlp__alpha': 0.018411127133811423, 'mlp__hidden_layer_sizes': (100, 50), 'mlp__max_iter': 399, 'nb__var_smoothing': 1e-09, 'rf__criterion': 'log_loss', 'rf__max_depth': 26, 'rf__min_samples_leaf': 0.3942199526475302, 'rf__min_samples_split': 7, 'rf__n_estimators': 24, 'svm__C': 134.06736552673547, 'svm__gamma': 0.01}","{'log': 0.7658705434406368, 'rf': 0.7620976116303219, 'gb': 0.7304776739356178, 'svm': 0.7101073035652475, 'knn': 0.7639667705088266, 'mlp': 0.7212357217030114, 'nb': 0.31966078227760475}",0.8055555555555556,0.8007856341189673,0.8055555555555556,0.7674647022713321,2025-02-15_21-21-36,C:/Users/thisi/OneDrive/共有ファイル/卒研B/データ最終版/2. 最終ファイルVIF主成分分析後 (2値sddis追加).csv
"(538, 45)",None,"['log', 'rf', 'gb', 'svm', 'knn', 'mlp', 'nb']",7,"['Maximum_duration_of_Visit', 'Number_of_Visits_per_character', 'Time_to_entry_saccade', 'Number_of_regression', 'extra_difficult_kanzi_words', 'Percentage_of_regular_difficulty_kanzi_words', 'Percentage_of_adnominal_modification_out_of_total_nouns']","{'final_estimator__C': 2, 'final_estimator__max_iter': 213, 'final_estimator__penalty': 'l2', 'final_estimator__solver': 'lbfgs', 'gb__learning_rate': 0.2731942850500456, 'gb__max_depth': 11, 'gb__min_samples_leaf': 5, 'gb__n_estimators': 69, 'gb__subsample': 0.9733840444639645, 'knn__leaf_size': 15, 'knn__n_neighbors': 10, 'log__C': 6, 'log__max_iter': 89, 'log__penalty': 'l2', 'log__solver': 'sag', 'mlp__alpha': 0.049823394216967416, 'mlp__hidden_layer_sizes': (100, 50), 'mlp__max_iter': 184, 'nb__var_smoothing': 5e-09, 'rf__criterion': 'entropy', 'rf__max_depth': 7, 'rf__min_samples_leaf': 0.6127549107591409, 'rf__min_samples_split': 4, 'rf__n_estimators': 10, 'svm__C': 56.23624180791042, 'svm__gamma': 'auto'}","{'log': 0.7658705434406368, 'rf': 0.7620976116303219, 'gb': 0.7713741779162341, 'svm': 0.7119591554170993, 'knn': 0.7621149186569747, 'mlp': 0.7175493250259606, 'nb': 0.33449290411907234}",0.7870370370370371,0.7733511446382734,0.7870370370370371,0.7367849717576492,2025-02-15_21-23-23,C:/Users/thisi/OneDrive/共有ファイル/卒研B/データ最終版/2. 最終ファイルVIF主成分分析後 (2値sddis追加).csv
"(538, 45)",None,"['log', 'rf', 'gb', 'svm', 'knn', 'mlp', 'nb']",7,"['Maximum_duration_of_Visit', 'Number_of_Visits_per_character', 'Time_to_entry_saccade', 'Number_of_regression', 'extra_difficult_kanzi_words', 'Percentage_of_regular_difficulty_kanzi_words', 'Percentage_of_adnominal_modification_out_of_total_nouns']","{'final_estimator__C': 8, 'final_estimator__max_iter': 39, 'final_estimator__penalty': 'l2', 'final_estimator__solver': 'lbfgs', 'gb__learning_rate': 0.7056732900330462, 'gb__max_depth': 7, 'gb__min_samples_leaf': 6, 'gb__n_estimators': 61, 'gb__subsample': 0.7453983448781911, 'knn__leaf_size': 16, 'knn__n_neighbors': 4, 'log__C': 8, 'log__max_iter': 243, 'log__penalty': 'l2', 'log__solver': 'liblinear', 'mlp__alpha': 0.06330588126034402, 'mlp__hidden_layer_sizes': (100,), 'mlp__max_iter': 49, 'nb__var_smoothing': 1e-08, 'rf__criterion': 'log_loss', 'rf__max_depth': 25, 'rf__min_samples_leaf': 0.3864844068353783, 'rf__min_samples_split': 5, 'rf__n_estimators': 23, 'svm__C': 115.29017912887637, 'svm__gamma': 'scale'}","{'log': 0.7621495327102804, 'rf': 0.7620976116303219, 'gb': 0.7454309449636551, 'svm': 0.7138110072689512, 'knn': 0.7547075112495673, 'mlp': 0.7453963309103495, 'nb': 0.34006576670128075}",0.8055555555555556,0.8152600974383154,0.8055555555555556,0.7596732350830712,2025-02-15_21-25-35,C:/Users/thisi/OneDrive/共有ファイル/卒研B/データ最終版/2. 最終ファイルVIF主成分分析後 (2値sddis追加).csv
"(538, 45)",None,"['log', 'rf', 'gb', 'svm', 'knn', 'mlp', 'nb']",7,"['Maximum_duration_of_Visit', 'Number_of_Visits_per_character', 'Time_to_entry_saccade', 'Number_of_regression', 'extra_difficult_kanzi_words', 'Percentage_of_regular_difficulty_kanzi_words', 'Percentage_of_adnominal_modification_out_of_total_nouns']","{'final_estimator__C': 7, 'final_estimator__max_iter': 109, 'final_estimator__penalty': 'l2', 'final_estimator__solver': 'sag', 'gb__learning_rate': 0.6216486668122922, 'gb__max_depth': 11, 'gb__min_samples_leaf': 1, 'gb__n_estimators': 265, 'gb__subsample': 0.7460953512857011, 'knn__leaf_size': 22, 'knn__n_neighbors': 10, 'log__C': 8, 'log__max_iter': 70, 'log__penalty': 'l2', 'log__solver': 'liblinear', 'mlp__alpha': 0.08815136382614866, 'mlp__hidden_layer_sizes': (50,), 'mlp__max_iter': 424, 'nb__var_smoothing': 1e-08, 'rf__criterion': 'gini', 'rf__max_depth': 71, 'rf__min_samples_leaf': 0.25689673410476466, 'rf__min_samples_split': 4, 'rf__n_estimators': 24, 'svm__C': 81.25487776776212, 'svm__gamma': 5}","{'log': 0.7621495327102804, 'rf': 0.7620976116303219, 'gb': 0.7639667705088267, 'svm': 0.7620976116303219, 'knn': 0.7621149186569747, 'mlp': 0.7341986846659744, 'nb': 0.34006576670128075}",0.7962962962962963,0.7805744520030236,0.7962962962962963,0.760082304526749,2025-02-15_21-28-21,C:/Users/thisi/OneDrive/共有ファイル/卒研B/データ最終版/2. 最終ファイルVIF主成分分析後 (2値sddis追加).csv
"(538, 45)",None,"['log', 'rf', 'gb', 'svm', 'knn', 'mlp', 'nb']",7,"['Maximum_duration_of_Visit', 'Number_of_Visits_per_character', 'Time_to_entry_saccade', 'Number_of_regression', 'extra_difficult_kanzi_words', 'Percentage_of_regular_difficulty_kanzi_words', 'Percentage_of_adnominal_modification_out_of_total_nouns']","{'final_estimator__C': 9, 'final_estimator__max_iter': 177, 'final_estimator__penalty': 'l2', 'final_estimator__solver': 'lbfgs', 'gb__learning_rate': 0.9831956042537197, 'gb__max_depth': 16, 'gb__min_samples_leaf': 1, 'gb__n_estimators': 149, 'gb__subsample': 0.9520184695817405, 'knn__leaf_size': 78, 'knn__n_neighbors': 11, 'log__C': 1, 'log__max_iter': 231, 'log__penalty': 'l2', 'log__solver': 'liblinear', 'mlp__alpha': 0.08117767680895972, 'mlp__hidden_layer_sizes': (50,), 'mlp__max_iter': 60, 'nb__var_smoothing': 5e-09, 'rf__criterion': 'gini', 'rf__max_depth': 12, 'rf__min_samples_leaf': 0.5008860850711346, 'rf__min_samples_split': 3, 'rf__n_estimators': 12, 'svm__C': 117.3674124276454, 'svm__gamma': 'auto'}","{'log': 0.7658705434406368, 'rf': 0.7620976116303219, 'gb': 0.7676531671858775, 'svm': 0.7119591554170993, 'knn': 0.7621149186569747, 'mlp': 0.7435790931118034, 'nb': 0.33449290411907234}",0.7962962962962963,0.7879629629629631,0.7962962962962963,0.7524479877421053,2025-02-15_21-30-45,C:/Users/thisi/OneDrive/共有ファイル/卒研B/データ最終版/2. 最終ファイルVIF主成分分析後 (2値sddis追加).csv
"(538, 45)",None,"['log', 'rf', 'gb', 'svm', 'knn', 'mlp', 'nb']",7,"['Maximum_duration_of_Visit', 'Number_of_Visits_per_character', 'Time_to_entry_saccade', 'Number_of_regression', 'extra_difficult_kanzi_words', 'Percentage_of_regular_difficulty_kanzi_words', 'Percentage_of_adnominal_modification_out_of_total_nouns']","{'final_estimator__C': 4, 'final_estimator__max_iter': 43, 'final_estimator__penalty': 'l2', 'final_estimator__solver': 'sag', 'gb__learning_rate': 0.3735263700134416, 'gb__max_depth': 8, 'gb__min_samples_leaf': 4, 'gb__n_estimators': 17, 'gb__subsample': 0.7075524823574718, 'knn__leaf_size': 13, 'knn__n_neighbors': 13, 'log__C': 7, 'log__max_iter': 46, 'log__penalty': 'l2', 'log__solver': 'lbfgs', 'mlp__alpha': 0.01212270765285064, 'mlp__hidden_layer_sizes': (100,), 'mlp__max_iter': 291, 'nb__var_smoothing': 1e-08, 'rf__criterion': 'log_loss', 'rf__max_depth': 31, 'rf__min_samples_leaf': 0.980289719364822, 'rf__min_samples_split': 8, 'rf__n_estimators': 21, 'svm__C': 79.14266011590416, 'svm__gamma': 0.001}","{'log': 0.7621495327102804, 'rf': 0.7620976116303219, 'gb': 0.7491346486673589, 'svm': 0.762097611630322, 'knn': 0.7621322256836276, 'mlp': 0.7267220491519557, 'nb': 0.34006576670128075}",0.7962962962962963,0.7805744520030236,0.7962962962962963,0.760082304526749,2025-02-15_21-32-45,C:/Users/thisi/OneDrive/共有ファイル/卒研B/データ最終版/2. 最終ファイルVIF主成分分析後 (2値sddis追加).csv
"(538, 45)",None,"['log', 'rf', 'gb', 'svm', 'knn', 'mlp', 'nb']",7,"['Maximum_duration_of_Visit', 'Number_of_Visits_per_character', 'Time_to_entry_saccade', 'Number_of_regression', 'extra_difficult_kanzi_words', 'Percentage_of_regular_difficulty_kanzi_words', 'Percentage_of_adnominal_modification_out_of_total_nouns']","{'final_estimator__C': 7, 'final_estimator__max_iter': 299, 'final_estimator__penalty': 'l2', 'final_estimator__solver': 'sag', 'gb__learning_rate': 0.11859242544912783, 'gb__max_depth': 9, 'gb__min_samples_leaf': 9, 'gb__n_estimators': 110, 'gb__subsample': 0.9613744147057052, 'knn__leaf_size': 58, 'knn__n_neighbors': 3, 'log__C': 2, 'log__max_iter': 25, 'log__penalty': 'l2', 'log__solver': 'liblinear', 'mlp__alpha': 0.051311231058375636, 'mlp__hidden_layer_sizes': (50,), 'mlp__max_iter': 10, 'nb__var_smoothing': 1e-09, 'rf__criterion': 'gini', 'rf__max_depth': 92, 'rf__min_samples_leaf': 0.16419062338526214, 'rf__min_samples_split': 5, 'rf__n_estimators': 27, 'svm__C': 4.121288897863469, 'svm__gamma': 0.1}","{'log': 0.7658705434406368, 'rf': 0.7620976116303219, 'gb': 0.7750259605399792, 'svm': 0.7546728971962616, 'knn': 0.7397715472481827, 'mlp': 0.7231221876081688, 'nb': 0.31966078227760475}",0.7870370370370371,0.7733511446382734,0.7870370370370371,0.7367849717576492,2025-02-15_21-34-35,C:/Users/thisi/OneDrive/共有ファイル/卒研B/データ最終版/2. 最終ファイルVIF主成分分析後 (2値sddis追加).csv
"(538, 45)",None,"['log', 'rf', 'gb', 'svm', 'knn', 'mlp', 'nb']",7,"['Maximum_duration_of_Visit', 'Number_of_Visits_per_character', 'Time_to_entry_saccade', 'Number_of_regression', 'extra_difficult_kanzi_words', 'Percentage_of_regular_difficulty_kanzi_words', 'Percentage_of_adnominal_modification_out_of_total_nouns']","{'final_estimator__C': 4, 'final_estimator__max_iter': 238, 'final_estimator__penalty': 'l2', 'final_estimator__solver': 'lbfgs', 'gb__learning_rate': 0.7277059903328741, 'gb__max_depth': 8, 'gb__min_samples_leaf': 2, 'gb__n_estimators': 148, 'gb__subsample': 0.8837190104656418, 'knn__leaf_size': 61, 'knn__n_neighbors': 10, 'log__C': 5, 'log__max_iter': 145, 'log__penalty': 'l2', 'log__solver': 'lbfgs', 'mlp__alpha': 0.036661591140734556, 'mlp__hidden_layer_sizes': (50,), 'mlp__max_iter': 67, 'nb__var_smoothing': 1e-09, 'rf__criterion': 'log_loss', 'rf__max_depth': 60, 'rf__min_samples_leaf': 0.7643456200825482, 'rf__min_samples_split': 2, 'rf__n_estimators': 11, 'svm__C': 131.614112160361, 'svm__gamma': 5}","{'log': 0.7640186915887851, 'rf': 0.7620976116303219, 'gb': 0.7620976116303219, 'svm': 0.7620976116303219, 'knn': 0.7621149186569747, 'mlp': 0.7491173416407062, 'nb': 0.31966078227760475}",0.7962962962962963,0.7879629629629631,0.7962962962962963,0.7524479877421053,2025-02-15_21-36-37,C:/Users/thisi/OneDrive/共有ファイル/卒研B/データ最終版/2. 最終ファイルVIF主成分分析後 (2値sddis追加).csv
"(538, 45)",None,"['log', 'rf', 'gb', 'svm', 'knn', 'mlp', 'nb']",7,"['Maximum_duration_of_Visit', 'Number_of_Visits_per_character', 'Time_to_entry_saccade', 'Number_of_regression', 'extra_difficult_kanzi_words', 'Percentage_of_regular_difficulty_kanzi_words', 'Percentage_of_adnominal_modification_out_of_total_nouns']","{'final_estimator__C': 8, 'final_estimator__max_iter': 298, 'final_estimator__penalty': 'l2', 'final_estimator__solver': 'sag', 'gb__learning_rate': 0.7466244381537198, 'gb__max_depth': 8, 'gb__min_samples_leaf': 7, 'gb__n_estimators': 253, 'gb__subsample': 0.8836983058600579, 'knn__leaf_size': 62, 'knn__n_neighbors': 10, 'log__C': 5, 'log__max_iter': 289, 'log__penalty': 'l2', 'log__solver': 'sag', 'mlp__alpha': 0.012265783602928192, 'mlp__hidden_layer_sizes': (100, 50), 'mlp__max_iter': 259, 'nb__var_smoothing': 1e-09, 'rf__criterion': 'entropy', 'rf__max_depth': 40, 'rf__min_samples_leaf': 0.683999881692833, 'rf__min_samples_split': 7, 'rf__n_estimators': 20, 'svm__C': 99.06577092628159, 'svm__gamma': 5}","{'log': 0.7640186915887851, 'rf': 0.7620976116303219, 'gb': 0.7639667705088266, 'svm': 0.7620976116303219, 'knn': 0.7621149186569747, 'mlp': 0.7119072343371408, 'nb': 0.31966078227760475}",0.8055555555555556,0.8007856341189673,0.8055555555555556,0.7674647022713321,2025-02-15_21-39-11,C:/Users/thisi/OneDrive/共有ファイル/卒研B/データ最終版/2. 最終ファイルVIF主成分分析後 (2値sddis追加).csv
"(538, 45)",None,"['log', 'rf', 'gb', 'svm', 'knn', 'mlp', 'nb']",7,"['Maximum_duration_of_Visit', 'Number_of_Visits_per_character', 'Time_to_entry_saccade', 'Number_of_regression', 'extra_difficult_kanzi_words', 'Percentage_of_regular_difficulty_kanzi_words', 'Percentage_of_adnominal_modification_out_of_total_nouns']","{'final_estimator__C': 7, 'final_estimator__max_iter': 179, 'final_estimator__penalty': 'l2', 'final_estimator__solver': 'lbfgs', 'gb__learning_rate': 0.8755227887321249, 'gb__max_depth': 6, 'gb__min_samples_leaf': 6, 'gb__n_estimators': 200, 'gb__subsample': 0.6696767205417623, 'knn__leaf_size': 45, 'knn__n_neighbors': 5, 'log__C': 5, 'log__max_iter': 165, 'log__penalty': 'l2', 'log__solver': 'sag', 'mlp__alpha': 0.07464148392649841, 'mlp__hidden_layer_sizes': (100, 50), 'mlp__max_iter': 126, 'nb__var_smoothing': 1e-08, 'rf__criterion': 'gini', 'rf__max_depth': 29, 'rf__min_samples_leaf': 0.8677102212787053, 'rf__min_samples_split': 9, 'rf__n_estimators': 21, 'svm__C': 54.49840519813877, 'svm__gamma': 5}","{'log': 0.7640186915887851, 'rf': 0.7620976116303219, 'gb': 0.7416926272066459, 'svm': 0.7620976116303219, 'knn': 0.747196261682243, 'mlp': 0.7268258913118727, 'nb': 0.34006576670128075}",0.7870370370370371,0.7663673774784885,0.7870370370370371,0.7453184834400304,2025-02-15_21-41-11,C:/Users/thisi/OneDrive/共有ファイル/卒研B/データ最終版/2. 最終ファイルVIF主成分分析後 (2値sddis追加).csv
"(538, 45)",None,"['log', 'rf', 'gb', 'svm', 'knn', 'mlp', 'nb']",7,"['Maximum_duration_of_Visit', 'Number_of_Visits_per_character', 'Time_to_entry_saccade', 'Number_of_regression', 'extra_difficult_kanzi_words', 'Percentage_of_regular_difficulty_kanzi_words', 'Percentage_of_adnominal_modification_out_of_total_nouns']","{'final_estimator__C': 3, 'final_estimator__max_iter': 90, 'final_estimator__penalty': 'l2', 'final_estimator__solver': 'sag', 'gb__learning_rate': 0.6083993701813263, 'gb__max_depth': 12, 'gb__min_samples_leaf': 6, 'gb__n_estimators': 10, 'gb__subsample': 0.7178787224057692, 'knn__leaf_size': 29, 'knn__n_neighbors': 5, 'log__C': 7, 'log__max_iter': 249, 'log__penalty': 'l2', 'log__solver': 'liblinear', 'mlp__alpha': 0.032499187598017724, 'mlp__hidden_layer_sizes': (100,), 'mlp__max_iter': 241, 'nb__var_smoothing': 5e-09, 'rf__criterion': 'entropy', 'rf__max_depth': 37, 'rf__min_samples_leaf': 0.5795073801159202, 'rf__min_samples_split': 4, 'rf__n_estimators': 10, 'svm__C': 66.29098049069775, 'svm__gamma': 'scale'}","{'log': 0.7621495327102804, 'rf': 0.7620976116303219, 'gb': 0.7138283142956039, 'svm': 0.7138110072689512, 'knn': 0.747196261682243, 'mlp': 0.737902388369678, 'nb': 0.33449290411907234}",0.8055555555555556,0.8152600974383154,0.8055555555555556,0.7596732350830712,2025-02-15_21-43-07,C:/Users/thisi/OneDrive/共有ファイル/卒研B/データ最終版/2. 最終ファイルVIF主成分分析後 (2値sddis追加).csv
"(538, 45)",None,"['log', 'rf', 'gb', 'svm', 'knn', 'mlp', 'nb']",7,"['Maximum_duration_of_Visit', 'Number_of_Visits_per_character', 'Time_to_entry_saccade', 'Number_of_regression', 'extra_difficult_kanzi_words', 'Percentage_of_regular_difficulty_kanzi_words', 'Percentage_of_adnominal_modification_out_of_total_nouns']","{'final_estimator__C': 3, 'final_estimator__max_iter': 122, 'final_estimator__penalty': 'l2', 'final_estimator__solver': 'lbfgs', 'gb__learning_rate': 0.09073652364191241, 'gb__max_depth': 3, 'gb__min_samples_leaf': 9, 'gb__n_estimators': 115, 'gb__subsample': 0.8237932816512817, 'knn__leaf_size': 60, 'knn__n_neighbors': 4, 'log__C': 1, 'log__max_iter': 247, 'log__penalty': 'l2', 'log__solver': 'liblinear', 'mlp__alpha': 0.06387727935128944, 'mlp__hidden_layer_sizes': (100, 50), 'mlp__max_iter': 356, 'nb__var_smoothing': 1e-08, 'rf__criterion': 'gini', 'rf__max_depth': 59, 'rf__min_samples_leaf': 0.9732356868309117, 'rf__min_samples_split': 2, 'rf__n_estimators': 26, 'svm__C': 142.82270254828475, 'svm__gamma': 0.1}","{'log': 0.7658705434406368, 'rf': 0.7620976116303219, 'gb': 0.7769643475250952, 'svm': 0.7546728971962616, 'knn': 0.7547075112495673, 'mlp': 0.7286950501903774, 'nb': 0.34006576670128075}",0.7962962962962963,0.7879629629629631,0.7962962962962963,0.7524479877421053,2025-02-15_21-45-13,C:/Users/thisi/OneDrive/共有ファイル/卒研B/データ最終版/2. 最終ファイルVIF主成分分析後 (2値sddis追加).csv
"(538, 45)",None,"['log', 'rf', 'gb', 'svm', 'knn', 'mlp', 'nb']",7,"['Maximum_duration_of_Visit', 'Number_of_Visits_per_character', 'Time_to_entry_saccade', 'Number_of_regression', 'extra_difficult_kanzi_words', 'Percentage_of_regular_difficulty_kanzi_words', 'Percentage_of_adnominal_modification_out_of_total_nouns']","{'final_estimator__C': 9, 'final_estimator__max_iter': 225, 'final_estimator__penalty': 'l2', 'final_estimator__solver': 'lbfgs', 'gb__learning_rate': 0.9664738869698842, 'gb__max_depth': 12, 'gb__min_samples_leaf': 2, 'gb__n_estimators': 158, 'gb__subsample': 0.9372286383779006, 'knn__leaf_size': 91, 'knn__n_neighbors': 14, 'log__C': 4, 'log__max_iter': 175, 'log__penalty': 'l2', 'log__solver': 'lbfgs', 'mlp__alpha': 0.05903879485703732, 'mlp__hidden_layer_sizes': (100,), 'mlp__max_iter': 475, 'nb__var_smoothing': 5e-09, 'rf__criterion': 'log_loss', 'rf__max_depth': 86, 'rf__min_samples_leaf': 0.5268609719612551, 'rf__min_samples_split': 9, 'rf__n_estimators': 17, 'svm__C': 128.177264666421, 'svm__gamma': 0.001}","{'log': 0.7658705434406368, 'rf': 0.7620976116303219, 'gb': 0.7509691934925579, 'svm': 0.7528383523710627, 'knn': 0.7583939079266182, 'mlp': 0.7211318795430945, 'nb': 0.33449290411907234}",0.7962962962962963,0.7805744520030236,0.7962962962962963,0.760082304526749,2025-02-15_21-46-45,C:/Users/thisi/OneDrive/共有ファイル/卒研B/データ最終版/2. 最終ファイルVIF主成分分析後 (2値sddis追加).csv
"(538, 45)",None,"['log', 'rf', 'gb', 'svm', 'knn', 'mlp', 'nb']",7,"['Maximum_duration_of_Visit', 'Number_of_Visits_per_character', 'Time_to_entry_saccade', 'Number_of_regression', 'extra_difficult_kanzi_words', 'Percentage_of_regular_difficulty_kanzi_words', 'Percentage_of_adnominal_modification_out_of_total_nouns']","{'final_estimator__C': 7, 'final_estimator__max_iter': 173, 'final_estimator__penalty': 'l2', 'final_estimator__solver': 'liblinear', 'gb__learning_rate': 0.6195198045537182, 'gb__max_depth': 9, 'gb__min_samples_leaf': 5, 'gb__n_estimators': 115, 'gb__subsample': 0.5660709710826408, 'knn__leaf_size': 56, 'knn__n_neighbors': 2, 'log__C': 3, 'log__max_iter': 277, 'log__penalty': 'l2', 'log__solver': 'liblinear', 'mlp__alpha': 0.038052557953684576, 'mlp__hidden_layer_sizes': (100,), 'mlp__max_iter': 194, 'nb__var_smoothing': 1e-09, 'rf__criterion': 'entropy', 'rf__max_depth': 94, 'rf__min_samples_leaf': 0.0979026414804086, 'rf__min_samples_split': 8, 'rf__n_estimators': 26, 'svm__C': 84.70897880799014, 'svm__gamma': 0.001}","{'log': 0.7658705434406368, 'rf': 0.7602284527518173, 'gb': 0.6557805469020422, 'svm': 0.762097611630322, 'knn': 0.758324679820007, 'mlp': 0.7434752509518865, 'nb': 0.31966078227760475}",0.8055555555555556,0.8007856341189673,0.8055555555555556,0.7674647022713321,2025-02-15_21-48-59,C:/Users/thisi/OneDrive/共有ファイル/卒研B/データ最終版/2. 最終ファイルVIF主成分分析後 (2値sddis追加).csv
"(538, 45)",None,"['log', 'rf', 'gb', 'svm', 'knn', 'mlp', 'nb']",7,"['Maximum_duration_of_Visit', 'Number_of_Visits_per_character', 'Time_to_entry_saccade', 'Number_of_regression', 'extra_difficult_kanzi_words', 'Percentage_of_regular_difficulty_kanzi_words', 'Percentage_of_adnominal_modification_out_of_total_nouns']","{'final_estimator__C': 7, 'final_estimator__max_iter': 290, 'final_estimator__penalty': 'l2', 'final_estimator__solver': 'liblinear', 'gb__learning_rate': 0.7896910002727693, 'gb__max_depth': 7, 'gb__min_samples_leaf': 3, 'gb__n_estimators': 224, 'gb__subsample': 0.5580836121681995, 'knn__leaf_size': 97, 'knn__n_neighbors': 6, 'log__C': 4, 'log__max_iter': 171, 'log__penalty': 'l2', 'log__solver': 'liblinear', 'mlp__alpha': 0.0021584494295802444, 'mlp__hidden_layer_sizes': (50,), 'mlp__max_iter': 353, 'nb__var_smoothing': 5e-09, 'rf__criterion': 'entropy', 'rf__max_depth': 2, 'rf__min_samples_leaf': 0.19182496720710063, 'rf__min_samples_split': 5, 'rf__n_estimators': 10, 'svm__C': 45.64633644393066, 'svm__gamma': 5}","{'log': 0.7658705434406368, 'rf': 0.7620976116303219, 'gb': 0.4982346832814123, 'svm': 0.7620976116303219, 'knn': 0.7565420560747663, 'mlp': 0.7342679127725857, 'nb': 0.33449290411907234}",0.7870370370370371,0.7663673774784885,0.7870370370370371,0.7453184834400304,2025-02-15_21-52-06,C:/Users/thisi/OneDrive/共有ファイル/卒研B/データ最終版/2. 最終ファイルVIF主成分分析後 (2値sddis追加).csv
"(538, 45)",None,"['log', 'rf', 'gb', 'svm', 'knn', 'mlp', 'nb']",7,"['Maximum_duration_of_Visit', 'Number_of_Visits_per_character', 'Time_to_entry_saccade', 'Number_of_regression', 'extra_difficult_kanzi_words', 'Percentage_of_regular_difficulty_kanzi_words', 'Percentage_of_adnominal_modification_out_of_total_nouns']","{'final_estimator__C': 1, 'final_estimator__max_iter': 128, 'final_estimator__penalty': 'l2', 'final_estimator__solver': 'liblinear', 'gb__learning_rate': 0.6801451647023818, 'gb__max_depth': 8, 'gb__min_samples_leaf': 2, 'gb__n_estimators': 15, 'gb__subsample': 0.6991614766227019, 'knn__leaf_size': 74, 'knn__n_neighbors': 5, 'log__C': 7, 'log__max_iter': 93, 'log__penalty': 'l2', 'log__solver': 'lbfgs', 'mlp__alpha': 0.04039728569061814, 'mlp__hidden_layer_sizes': (100,), 'mlp__max_iter': 265, 'nb__var_smoothing': 5e-09, 'rf__criterion': 'gini', 'rf__max_depth': 86, 'rf__min_samples_leaf': 0.25339801628096226, 'rf__min_samples_split': 8, 'rf__n_estimators': 14, 'svm__C': 148.94071362499588, 'svm__gamma': 'auto'}","{'log': 0.7621495327102804, 'rf': 0.7620976116303219, 'gb': 0.7192800276912426, 'svm': 0.7119591554170993, 'knn': 0.747196261682243, 'mlp': 0.7286085150571132, 'nb': 0.33449290411907234}",0.7962962962962963,0.8035584604212055,0.7962962962962963,0.7437097423510467,2025-02-15_21-53-59,C:/Users/thisi/OneDrive/共有ファイル/卒研B/データ最終版/2. 最終ファイルVIF主成分分析後 (2値sddis追加).csv
"(538, 45)",None,"['log', 'rf', 'gb', 'svm', 'knn', 'mlp', 'nb']",7,"['Maximum_duration_of_Visit', 'Number_of_Visits_per_character', 'Time_to_entry_saccade', 'Number_of_regression', 'extra_difficult_kanzi_words', 'Percentage_of_regular_difficulty_kanzi_words', 'Percentage_of_adnominal_modification_out_of_total_nouns']","{'final_estimator__C': 8, 'final_estimator__max_iter': 158, 'final_estimator__penalty': 'l2', 'final_estimator__solver': 'lbfgs', 'gb__learning_rate': 0.30920591582202417, 'gb__max_depth': 5, 'gb__min_samples_leaf': 3, 'gb__n_estimators': 270, 'gb__subsample': 0.6776294901617378, 'knn__leaf_size': 20, 'knn__n_neighbors': 9, 'log__C': 4, 'log__max_iter': 138, 'log__penalty': 'l2', 'log__solver': 'lbfgs', 'mlp__alpha': 0.02096050834117501, 'mlp__hidden_layer_sizes': (100, 50), 'mlp__max_iter': 427, 'nb__var_smoothing': 1e-08, 'rf__criterion': 'log_loss', 'rf__max_depth': 32, 'rf__min_samples_leaf': 0.27755416421372636, 'rf__min_samples_split': 9, 'rf__n_estimators': 18, 'svm__C': 135.57828534499734, 'svm__gamma': 'auto'}","{'log': 0.7658705434406368, 'rf': 0.7620976116303219, 'gb': 0.7546555901696088, 'svm': 0.7119591554170993, 'knn': 0.7639840775354794, 'mlp': 0.7193665628245067, 'nb': 0.34006576670128075}",0.7962962962962963,0.7879629629629631,0.7962962962962963,0.7524479877421053,2025-02-15_21-56-50,C:/Users/thisi/OneDrive/共有ファイル/卒研B/データ最終版/2. 最終ファイルVIF主成分分析後 (2値sddis追加).csv
"(538, 45)",None,"['log', 'rf', 'gb', 'svm', 'knn', 'mlp', 'nb']",7,"['Maximum_duration_of_Visit', 'Number_of_Visits_per_character', 'Time_to_entry_saccade', 'Number_of_regression', 'extra_difficult_kanzi_words', 'Percentage_of_regular_difficulty_kanzi_words', 'Percentage_of_adnominal_modification_out_of_total_nouns']","{'final_estimator__C': 5, 'final_estimator__max_iter': 106, 'final_estimator__penalty': 'l2', 'final_estimator__solver': 'lbfgs', 'gb__learning_rate': 0.5651251553927428, 'gb__max_depth': 16, 'gb__min_samples_leaf': 2, 'gb__n_estimators': 16, 'gb__subsample': 0.9785523046616946, 'knn__leaf_size': 21, 'knn__n_neighbors': 10, 'log__C': 9, 'log__max_iter': 69, 'log__penalty': 'l2', 'log__solver': 'sag', 'mlp__alpha': 0.09683974147032261, 'mlp__hidden_layer_sizes': (50,), 'mlp__max_iter': 329, 'nb__var_smoothing': 1e-08, 'rf__criterion': 'log_loss', 'rf__max_depth': 17, 'rf__min_samples_leaf': 0.7163714846079962, 'rf__min_samples_split': 9, 'rf__n_estimators': 25, 'svm__C': 90.16061852847795, 'svm__gamma': 0.01}","{'log': 0.7640013845621321, 'rf': 0.7620976116303219, 'gb': 0.7546382831429561, 'svm': 0.7119591554170994, 'knn': 0.7621149186569747, 'mlp': 0.7472481827622015, 'nb': 0.34006576670128075}",0.7870370370370371,0.7733511446382734,0.7870370370370371,0.7367849717576492,2025-02-15_21-57-57,C:/Users/thisi/OneDrive/共有ファイル/卒研B/データ最終版/2. 最終ファイルVIF主成分分析後 (2値sddis追加).csv
"(538, 45)",None,"['log', 'rf', 'gb', 'svm', 'knn', 'mlp', 'nb']",7,"['Maximum_duration_of_Visit', 'Number_of_Visits_per_character', 'Time_to_entry_saccade', 'Number_of_regression', 'extra_difficult_kanzi_words', 'Percentage_of_regular_difficulty_kanzi_words', 'Percentage_of_adnominal_modification_out_of_total_nouns']","{'final_estimator__C': 2, 'final_estimator__max_iter': 268, 'final_estimator__penalty': 'l2', 'final_estimator__solver': 'lbfgs', 'gb__learning_rate': 0.8771384034470548, 'gb__max_depth': 17, 'gb__min_samples_leaf': 2, 'gb__n_estimators': 170, 'gb__subsample': 0.5968420521997, 'knn__leaf_size': 65, 'knn__n_neighbors': 10, 'log__C': 1, 'log__max_iter': 78, 'log__penalty': 'l2', 'log__solver': 'liblinear', 'mlp__alpha': 0.023595039062527755, 'mlp__hidden_layer_sizes': (50,), 'mlp__max_iter': 138, 'nb__var_smoothing': 1e-08, 'rf__criterion': 'log_loss', 'rf__max_depth': 74, 'rf__min_samples_leaf': 0.4234676989092595, 'rf__min_samples_split': 4, 'rf__n_estimators': 14, 'svm__C': 136.16735367636528, 'svm__gamma': 0.001}","{'log': 0.7658705434406368, 'rf': 0.7620976116303219, 'gb': 0.6725856697819316, 'svm': 0.750969193492558, 'knn': 0.7621149186569747, 'mlp': 0.7435098650051921, 'nb': 0.34006576670128075}",0.7962962962962963,0.7805744520030236,0.7962962962962963,0.760082304526749,2025-02-15_22-00-24,C:/Users/thisi/OneDrive/共有ファイル/卒研B/データ最終版/2. 最終ファイルVIF主成分分析後 (2値sddis追加).csv
"(538, 45)",None,"['log', 'rf', 'gb', 'svm', 'knn', 'mlp', 'nb']",7,"['Maximum_duration_of_Visit', 'Number_of_Visits_per_character', 'Time_to_entry_saccade', 'Number_of_regression', 'extra_difficult_kanzi_words', 'Percentage_of_regular_difficulty_kanzi_words', 'Percentage_of_adnominal_modification_out_of_total_nouns']","{'final_estimator__C': 9, 'final_estimator__max_iter': 113, 'final_estimator__penalty': 'l2', 'final_estimator__solver': 'liblinear', 'gb__learning_rate': 0.98796815340339, 'gb__max_depth': 12, 'gb__min_samples_leaf': 8, 'gb__n_estimators': 222, 'gb__subsample': 0.9882908215334514, 'knn__leaf_size': 24, 'knn__n_neighbors': 4, 'log__C': 2, 'log__max_iter': 287, 'log__penalty': 'l2', 'log__solver': 'lbfgs', 'mlp__alpha': 0.06429221902655118, 'mlp__hidden_layer_sizes': (100, 50), 'mlp__max_iter': 379, 'nb__var_smoothing': 1e-09, 'rf__criterion': 'entropy', 'rf__max_depth': 39, 'rf__min_samples_leaf': 0.32358832372664503, 'rf__min_samples_split': 5, 'rf__n_estimators': 16, 'svm__C': 71.48468731963762, 'svm__gamma': 0.1}","{'log': 0.7658705434406368, 'rf': 0.7620976116303219, 'gb': 0.7565074420214607, 'svm': 0.7546728971962616, 'knn': 0.7547075112495673, 'mlp': 0.7249913464866736, 'nb': 0.31966078227760475}",0.7870370370370371,0.7733511446382734,0.7870370370370371,0.7367849717576492,2025-02-15_22-03-04,C:/Users/thisi/OneDrive/共有ファイル/卒研B/データ最終版/2. 最終ファイルVIF主成分分析後 (2値sddis追加).csv
"(538, 45)",None,"['log', 'rf', 'gb', 'svm', 'knn', 'mlp', 'nb']",7,"['Maximum_duration_of_Visit', 'Number_of_Visits_per_character', 'Time_to_entry_saccade', 'Number_of_regression', 'extra_difficult_kanzi_words', 'Percentage_of_regular_difficulty_kanzi_words', 'Percentage_of_adnominal_modification_out_of_total_nouns']","{'final_estimator__C': 2, 'final_estimator__max_iter': 144, 'final_estimator__penalty': 'l2', 'final_estimator__solver': 'sag', 'gb__learning_rate': 0.49468000671316126, 'gb__max_depth': 9, 'gb__min_samples_leaf': 9, 'gb__n_estimators': 27, 'gb__subsample': 0.6911244562252454, 'knn__leaf_size': 12, 'knn__n_neighbors': 3, 'log__C': 1, 'log__max_iter': 56, 'log__penalty': 'l2', 'log__solver': 'lbfgs', 'mlp__alpha': 0.03996343147179289, 'mlp__hidden_layer_sizes': (100,), 'mlp__max_iter': 429, 'nb__var_smoothing': 1e-08, 'rf__criterion': 'gini', 'rf__max_depth': 73, 'rf__min_samples_leaf': 0.5671345108861175, 'rf__min_samples_split': 4, 'rf__n_estimators': 10, 'svm__C': 148.23946770152492, 'svm__gamma': 1}","{'log': 0.7640186915887851, 'rf': 0.7620976116303219, 'gb': 0.7416233991000346, 'svm': 0.7620976116303219, 'knn': 0.7397715472481827, 'mlp': 0.724852890273451, 'nb': 0.34006576670128075}",0.7962962962962963,0.7805744520030236,0.7962962962962963,0.760082304526749,2025-02-15_22-05-40,C:/Users/thisi/OneDrive/共有ファイル/卒研B/データ最終版/2. 最終ファイルVIF主成分分析後 (2値sddis追加).csv
"(538, 45)",None,"['log', 'rf', 'gb', 'svm', 'knn', 'mlp', 'nb']",7,"['Maximum_duration_of_Visit', 'Number_of_Visits_per_character', 'Time_to_entry_saccade', 'Number_of_regression', 'extra_difficult_kanzi_words', 'Percentage_of_regular_difficulty_kanzi_words', 'Percentage_of_adnominal_modification_out_of_total_nouns']","{'final_estimator__C': 9, 'final_estimator__max_iter': 202, 'final_estimator__penalty': 'l2', 'final_estimator__solver': 'lbfgs', 'gb__learning_rate': 0.901603438277764, 'gb__max_depth': 6, 'gb__min_samples_leaf': 6, 'gb__n_estimators': 136, 'gb__subsample': 0.5360996391398152, 'knn__leaf_size': 28, 'knn__n_neighbors': 6, 'log__C': 1, 'log__max_iter': 112, 'log__penalty': 'l2', 'log__solver': 'lbfgs', 'mlp__alpha': 0.04006853770996496, 'mlp__hidden_layer_sizes': (50,), 'mlp__max_iter': 200, 'nb__var_smoothing': 5e-09, 'rf__criterion': 'gini', 'rf__max_depth': 77, 'rf__min_samples_leaf': 0.6244581460368941, 'rf__min_samples_split': 6, 'rf__n_estimators': 17, 'svm__C': 99.14476252149281, 'svm__gamma': 'auto'}","{'log': 0.7640186915887851, 'rf': 0.7620976116303219, 'gb': 0.6004672897196262, 'svm': 0.7119591554170993, 'knn': 0.7565420560747663, 'mlp': 0.739840775354794, 'nb': 0.33449290411907234}",0.7962962962962963,0.7879629629629631,0.7962962962962963,0.7524479877421053,2025-02-15_22-08-18,C:/Users/thisi/OneDrive/共有ファイル/卒研B/データ最終版/2. 最終ファイルVIF主成分分析後 (2値sddis追加).csv
"(538, 45)",None,"['log', 'rf', 'gb', 'svm', 'knn', 'mlp', 'nb']",7,"['Maximum_duration_of_Visit', 'Number_of_Visits_per_character', 'Time_to_entry_saccade', 'Number_of_regression', 'extra_difficult_kanzi_words', 'Percentage_of_regular_difficulty_kanzi_words', 'Percentage_of_adnominal_modification_out_of_total_nouns']","{'final_estimator__C': 4, 'final_estimator__max_iter': 46, 'final_estimator__penalty': 'l2', 'final_estimator__solver': 'lbfgs', 'gb__learning_rate': 0.5813730690389266, 'gb__max_depth': 13, 'gb__min_samples_leaf': 1, 'gb__n_estimators': 140, 'gb__subsample': 0.8270573040630146, 'knn__leaf_size': 61, 'knn__n_neighbors': 2, 'log__C': 1, 'log__max_iter': 159, 'log__penalty': 'l2', 'log__solver': 'liblinear', 'mlp__alpha': 0.07741727714291782, 'mlp__hidden_layer_sizes': (100,), 'mlp__max_iter': 162, 'nb__var_smoothing': 1e-08, 'rf__criterion': 'log_loss', 'rf__max_depth': 14, 'rf__min_samples_leaf': 0.6932057705273451, 'rf__min_samples_split': 5, 'rf__n_estimators': 10, 'svm__C': 89.82477679941732, 'svm__gamma': 'scale'}","{'log': 0.7658705434406368, 'rf': 0.7620976116303219, 'gb': 0.7472481827622015, 'svm': 0.7138110072689512, 'knn': 0.758324679820007, 'mlp': 0.7546382831429559, 'nb': 0.34006576670128075}",0.8055555555555556,0.8007856341189673,0.8055555555555556,0.7674647022713321,2025-02-15_22-09-57,C:/Users/thisi/OneDrive/共有ファイル/卒研B/データ最終版/2. 最終ファイルVIF主成分分析後 (2値sddis追加).csv